timestamp_utc,ME,NH,VT,CT,RI,SEMA,WCMA,NEMA_BOST
2026-09-07 00:00:00,1382.283333333333,1197.33075,585.1848333333334,3208.056416666667,920.2020833333332,1605.3594999999998,1685.28425,2703.994833333333
2026-09-07 01:00:00,1303.863,1121.5511666666666,559.27125,3027.0854999999997,877.0298333333334,1506.4891666666665,1591.6361666666664,2616.4299166666665
2026-09-07 02:00:00,1224.69275,1039.7945,532.3729999999999,2816.157333333333,821.9661666666666,1406.0777500000002,1495.3310000000001,2474.51375
2026-09-07 03:00:00,1144.0683333333334,956.6948333333333,495.2076666666667,2576.8945,761.174,1297.7986666666666,1397.69525,2324.8224166666664
2026-09-07 04:00:00,1086.9215833333333,893.9720833333334,484.02675,2386.677833333333,707.43,1210.4585,1322.7243333333333,2198.8439166666667
2026-09-07 05:00:00,1065.7200833333334,853.26125,460.2561666666666,2241.2878333333333,668.8859166666667,1148.9704166666668,1263.7033333333334,2103.9985
2026-09-07 06:00:00,1045.5433333333333,831.9871666666667,448.69699999999995,2154.2388333333333,647.3746666666667,1111.4925833333334,1228.654,2047.3193333333331
2026-09-07 07:00:00,1035.18725,823.68025,444.27475,2099.94325,636.0419166666667,1093.4595,1214.8654166666668,2022.34875
2026-09-07 08:00:00,1050.29875,831.10325,438.79400000000004,2090.8545,634.6587499999999,1099.8683333333333,1224.5753333333334,2032.8194999999998
2026-09-07 09:00:00,1081.9556666666667,856.6985,449.71866666666665,2143.3239166666667,644.2345,1127.09175,1245.3328333333332,2077.34625
2026-09-07 10:00:00,1109.8038333333334,893.7420833333334,467.43833333333333,2213.8774166666667,659.6558333333334,1155.02275,1269.1491666666668,2155.1970833333335
2026-09-07 11:00:00,1009.1415833333334,937.7985833333333,441.9666666666667,2250.614916666667,631.3400833333334,1109.8009166666668,1206.48775,2206.8513333333335
2026-09-07 12:00:00,878.2181666666667,975.44,345.8766666666667,2256.9270833333335,546.1669166666667,937.3429166666666,983.0743333333334,2241.63275
2026-09-07 13:00:00,687.4725,991.3217500000001,243.16483333333335,2241.827083333333,469.3473333333333,774.3004166666666,735.332,2277.24425
2026-09-07 14:00:00,550.5522500000001,994.6080000000001,181.1115,2235.93325,427.73991666666666,667.3834166666667,567.65025,2314.871833333333
2026-09-07 15:00:00,503.17266666666666,1013.2346666666666,163.02875,2271.9349166666666,407.4603333333334,624.0745000000001,503.5526666666667,2378.3945
2026-09-07 16:00:00,513.0900833333334,1034.7804166666667,165.28683333333333,2349.4848333333334,437.02400000000006,639.51775,514.0971666666667,2438.637166666667
2026-09-07 17:00:00,530.1209166666666,1077.0375000000001,187.78683333333333,2481.92225,486.29524999999995,714.2905833333333,560.9736666666666,2536.1285000000003
2026-09-07 18:00:00,603.2006666666666,1115.0255833333333,214.26958333333334,2670.58175,559.21325,859.819,694.172,2672.1603333333333
2026-09-07 19:00:00,747.8174166666666,1166.3733333333332,266.7205833333333,2939.4689999999996,665.6810833333333,1131.8429166666667,905.1050833333334,2837.2636666666663
2026-09-07 20:00:00,987.00675,1268.34125,384.9524166666667,3281.5909166666665,805.5703333333335,1403.5350833333334,1223.4638333333332,2976.6898333333334
2026-09-07 21:00:00,1320.9301666666668,1380.8164166666666,527.5305,3608.3583333333336,973.0804166666667,1685.4389166666667,1620.7421666666667,3131.7436666666667
2026-09-07 22:00:00,1526.9946666666667,1400.9135833333332,624.1190833333334,3704.0988333333335,1064.1445,1849.8986666666667,1865.56175,3156.1527499999997
2026-09-07 23:00:00,1552.6689166666665,1378.3965833333334,636.6195,3661.0814166666664,1065.5595833333334,1875.8699166666665,1916.9786666666666,3137.5586666666663
2026-09-08 00:00:00,1486.48125,1312.229,616.0115,3520.49725,1025.24175,1795.7426666666668,1867.9209166666667,3072.2026666666666
2026-09-08 01:00:00,1382.770083333333,1201.0964999999999,584.1750000000001,3264.0680833333336,954.6033333333334,1662.7783333333334,1744.6881666666668,2932.36975
2026-09-08 02:00:00,1271.9376666666667,1087.0395,546.4869166666666,2952.6190833333335,869.2271666666667,1510.59775,1605.4829166666668,2720.11375
2026-09-08 03:00:00,1183.8505,989.8456666666666,499.8421666666666,2664.3926666666666,793.9038333333333,1362.7955,1467.0710833333333,2495.0065833333333
2026-09-08 04:00:00,1131.5161666666665,930.1516666666666,484.6886666666667,2468.2884166666668,741.6149999999999,1261.4759999999999,1384.3239166666665,2337.8443333333335
2026-09-08 05:00:00,1088.9403333333332,888.0346666666666,466.20550000000003,2323.7344166666667,702.3128333333334,1194.9875833333333,1306.5273333333332,2222.8785000000003
2026-09-08 06:00:00,1067.7765833333333,871.0213333333332,454.01341666666667,2242.8278333333333,676.2298333333333,1156.7625,1278.3674166666667,2163.52675
2026-09-08 07:00:00,1056.8273333333334,872.2454166666666,453.16633333333334,2211.587916666667,669.09225,1144.9029166666667,1264.977,2144.1110000000003
2026-09-08 08:00:00,1099.9655833333334,897.9133333333334,459.34025,2237.9814166666665,682.3149166666667,1167.55225,1295.3901666666668,2169.995166666667
2026-09-08 09:00:00,1196.8993333333333,976.1426666666666,502.2318333333333,2403.822166666667,721.9668333333334,1250.9375833333334,1399.9789166666667,2291.271416666667
2026-09-08 10:00:00,1294.787,1097.018,558.5048333333333,2712.3960833333335,791.16125,1378.9670833333332,1560.8255,2534.6425
2026-09-08 11:00:00,1339.8509999999999,1166.8166666666666,577.31175,2844.3250000000003,809.9316666666667,1409.633,1550.1825,2669.770666666667
2026-09-08 12:00:00,1273.0393333333334,1208.3128333333334,570.4085,2829.606416666667,705.2170833333333,1263.678,1310.2361666666668,2715.389583333333
2026-09-08 13:00:00,1094.93375,1253.3535,526.99025,2765.7040833333335,613.725,1024.2555,1109.5910000000001,2766.85925
2026-09-08 14:00:00,900.3806666666666,1289.5849166666667,472.8398333333334,2734.4260833333333,570.5513333333333,898.2132499999999,1010.6194166666668,2854.210333333333
2026-09-08 15:00:00,783.1548333333334,1267.8243333333332,399.52458333333334,2765.3271666666665,572.5583333333333,877.8354166666667,1024.5443333333333,3005.998916666667
2026-09-08 16:00:00,705.2846666666668,1204.83,380.6278333333333,2834.12025,626.71275,984.4786666666665,1009.2011666666667,3000.46775
2026-09-08 17:00:00,710.2784166666667,1233.8475833333334,369.7485,3009.9473333333335,686.57325,1093.5114999999998,911.9824166666667,2962.00425
2026-09-08 18:00:00,738.0859999999999,1303.4858333333334,356.73991666666666,3223.040916666667,754.6387500000001,1169.204,1010.6833333333334,3092.099583333333
2026-09-08 19:00:00,805.61175,1330.5560833333334,379.513,3539.3955833333334,814.8085,1336.8589166666668,1332.0318333333332,3266.8466666666664
2026-09-08 20:00:00,1036.1334166666668,1359.931,435.47558333333336,3848.3811666666666,967.8420833333333,1597.67775,1678.62825,3345.57
2026-09-08 21:00:00,1354.0732500000001,1432.68175,553.3615,4051.435,1101.646,1855.3453333333334,1890.8334166666666,3294.02825
2026-09-08 22:00:00,1537.40525,1458.0118333333332,641.0643333333334,4061.175333333333,1172.9285833333333,1971.883,2047.0521666666666,3260.7563333333333
2026-09-08 23:00:00,1569.4630833333333,1446.84275,659.8436666666666,4033.7559166666665,1171.2266666666667,2010.27575,2100.231583333333,3265.4954166666666
2026-09-09 00:00:00,1503.0028333333332,1379.8390833333333,651.1006666666666,3881.749,1127.1116666666667,1930.8296666666665,2053.5195833333332,3186.315583333333
2026-09-09 01:00:00,1410.0585,1270.1291666666666,623.9531666666667,3611.185916666667,1067.818,1777.9676666666667,1944.90525,3034.0563333333334
2026-09-09 02:00:00,1302.1683333333333,1154.7356666666667,585.2331666666666,3273.60975,981.8805833333332,1617.1151666666667,1801.0213333333334,2817.929083333333
2026-09-09 03:00:00,1203.8499166666668,1052.58175,527.1545,2953.367083333333,899.6061666666666,1462.3765,1653.5158333333331,2614.8044999999997
2026-09-09 04:00:00,1124.1964166666667,980.4371666666666,505.21149999999994,2713.8489166666664,829.5031666666667,1347.95425,1545.2069166666668,2447.19275
2026-09-09 05:00:00,1101.3468333333333,937.724,495.91741666666667,2549.358833333333,784.8576666666667,1282.566,1479.8764166666667,2328.0310833333333
2026-09-09 06:00:00,1074.4989166666667,908.5295833333333,478.63041666666663,2449.4218333333333,759.0219166666667,1237.64775,1432.2454166666666,2248.237583333333
2026-09-09 07:00:00,1070.1768333333332,903.1284166666666,474.25008333333335,2397.1156666666666,746.8275833333333,1219.9665833333333,1422.5133333333333,2219.82575
2026-09-09 08:00:00,1096.1273333333334,925.75175,481.7640833333333,2411.8254166666666,750.9853333333334,1241.6521666666667,1432.9764166666666,2230.4725
2026-09-09 09:00:00,1175.9969166666667,1002.6696666666667,517.3108333333333,2564.4745,785.74275,1323.0164166666666,1514.8967499999999,2341.211
2026-09-09 10:00:00,1276.9551666666666,1125.6761666666666,578.35925,2853.7009166666667,835.3943333333333,1444.929,1639.7759166666667,2563.2582500000003
2026-09-09 11:00:00,1280.6524166666666,1204.1018333333334,611.5424166666667,3036.7480833333334,849.3906666666667,1500.2416666666668,1688.7671666666665,2731.3610000000003
2026-09-09 12:00:00,1266.571,1231.7173333333333,591.8739166666667,3057.660416666667,843.3983333333334,1480.4225833333333,1622.4009166666667,2824.97625
2026-09-09 13:00:00,1262.9824166666667,1233.6254166666668,543.4389166666666,3031.8501666666666,765.6666666666666,1397.0230833333333,1370.1359166666668,2846.289
2026-09-09 14:00:00,1195.2264166666666,1218.5408333333332,507.6555,3101.299916666667,699.14,1214.0828333333334,1215.0570833333334,2816.591
2026-09-09 15:00:00,1122.6587499999998,1227.7084166666666,543.75075,3234.317833333333,716.1245833333334,1157.443,1184.4403333333332,2876.462916666667
2026-09-09 16:00:00,1042.8559166666666,1266.2656666666667,554.4623333333333,3422.8635833333333,737.9241666666667,1165.1095,1258.4836666666667,2974.9884166666666
2026-09-09 17:00:00,1159.7654166666666,1269.6950833333333,560.1176666666667,3520.2968333333333,876.0994999999999,1197.4355,1410.6805833333335,3078.8481666666667
2026-09-09 18:00:00,1270.9930833333333,1284.4118333333333,605.6748333333334,3795.146583333333,947.0055833333334,1419.2325,1570.1666666666667,3116.552833333333
2026-09-09 19:00:00,1323.5305833333334,1326.2674166666668,610.8304166666667,4038.28325,961.8942499999999,1565.0334166666669,1933.403,3270.982666666667
2026-09-09 20:00:00,1365.1591666666666,1365.2508333333333,632.8114166666667,4187.877083333334,1107.7978333333333,1760.0025833333332,2010.5292499999998,3364.266333333333
2026-09-09 21:00:00,1464.4063333333334,1402.5136666666667,657.4739166666667,4224.4920833333335,1178.07825,1928.6351666666667,2084.50425,3421.369583333333
2026-09-09 22:00:00,1507.3192499999998,1422.08525,663.4665,4219.59675,1200.1905833333333,2027.9457499999999,2141.4003333333335,3405.5808333333334
2026-09-09 23:00:00,1524.853,1423.28425,659.7920833333334,4211.4955,1209.9115,2091.7421666666664,2165.467166666667,3421.5291666666667
2026-09-10 00:00:00,1458.4411666666667,1373.9473333333335,635.0244166666666,4111.9695,1182.8239999999998,2049.664166666667,2108.1075833333334,3375.7654166666666
2026-09-10 01:00:00,1377.8635833333335,1295.98275,636.2730833333334,3907.6096666666667,1120.4025833333333,1950.0754166666666,2029.4757499999998,3244.6332500000003
2026-09-10 02:00:00,1295.8184166666667,1206.0963333333332,605.7564166666667,3629.277083333333,1054.2115833333335,1814.6205833333333,1895.0314166666667,3091.5664166666666
2026-09-10 03:00:00,1217.1251666666667,1126.7055833333334,581.0013333333333,3345.8038333333334,972.6084166666666,1662.9891666666665,1768.5382499999998,2906.6534166666665
2026-09-10 04:00:00,1166.3186666666668,1068.0488333333333,570.2890833333333,3111.3120833333337,912.5435833333332,1549.7538333333332,1681.66175,2759.4883333333332
2026-09-10 05:00:00,1134.3643333333332,1026.959,546.4268333333333,2954.0080833333336,869.94025,1476.3693333333333,1619.47925,2641.9945833333336
2026-09-10 06:00:00,1108.2321666666667,1007.3578333333334,536.85,2855.9599999999996,848.0606666666666,1441.8085,1593.3901666666668,2583.71175
2026-09-10 07:00:00,1118.0925833333333,1010.0370833333333,536.2078333333333,2806.7996666666663,838.7005833333333,1426.8969166666666,1563.4016666666666,2562.412083333333
2026-09-10 08:00:00,1156.5175833333333,1033.3165833333335,537.0471666666666,2821.4,850.2388333333333,1449.4040000000002,1574.9412499999999,2578.7990833333333
2026-09-10 09:00:00,1247.2064166666667,1112.7930833333332,567.74825,2983.0553333333332,898.2605833333333,1538.5493333333334,1671.5644166666668,2723.0203333333334
2026-09-10 10:00:00,1363.4271666666666,1237.6631666666667,618.8045,3288.775916666667,969.0594166666666,1680.9179166666665,1822.9545833333334,2997.127
2026-09-10 11:00:00,1296.61875,1310.40275,613.3725833333333,3462.9930833333333,1002.42125,1758.6404166666669,1853.1556666666665,3147.5530833333337
2026-09-10 12:00:00,1061.8203333333333,1337.7860833333332,520.0090833333333,3493.8853333333336,989.8329166666667,1682.9622499999998,1652.0418333333334,3246.6229166666667
2026-09-10 13:00:00,878.9541666666668,1347.50775,422.0306666666667,3524.3132499999997,909.24125,1539.6403333333335,1422.0049166666668,3302.99875
2026-09-10 14:00:00,831.9805,1375.3174166666668,368.17975,3604.4292499999997,832.9004166666667,1404.4484166666668,1328.6433333333334,3360.3069166666664
2026-09-10 15:00:00,863.0600833333333,1397.7789166666669,380.43458333333336,3741.4096666666665,835.9216666666666,1384.97475,1326.8030833333335,3446.263833333333
2026-09-10 16:00:00,843.0471666666667,1439.6306666666667,367.64483333333334,3974.6310833333337,893.1014166666668,1437.79875,1373.4676666666667,3520.411083333334
2026-09-10 17:00:00,818.819,1480.70425,352.4388333333333,4098.19,999.1251666666667,1627.7925833333331,1435.991,3680.4730833333338
2026-09-10 18:00:00,820.9595833333333,1492.7015833333335,353.94675,4246.29625,1032.6394166666666,1727.7643333333333,1512.1220833333334,3767.071583333333
2026-09-10 19:00:00,1028.0849166666667,1504.1565833333334,391.60633333333334,4424.068583333334,1106.8736666666666,1945.8474999999999,1607.1319166666665,3785.1872499999995
2026-09-10 20:00:00,1160.6764166666667,1579.2077499999998,477.9058333333333,4750.814916666667,1215.5435,2100.9185,1820.7941666666666,3850.856416666667
2026-09-10 21:00:00,1427.4861666666666,1624.6568333333335,564.8556666666667,4799.0990833333335,1347.9096666666667,2322.8271666666665,2075.747083333333,3834.8484166666663
2026-09-10 22:00:00,1574.1585833333331,1610.0106666666668,646.9535833333333,4738.501166666666,1359.4370833333335,2351.7745833333333,2232.8045,3730.313166666667
2026-09-10 23:00:00,1600.1283333333333,1571.4195,664.9235833333333,4626.062666666667,1345.4605833333333,2334.035,2254.39975,3669.519083333333
2026-09-11 00:00:00,1535.5570833333334,1496.3925833333333,652.7959999999999,4440.041166666667,1287.8606666666667,2270.6815,2215.421083333333,3555.824
2026-09-11 01:00:00,1454.6074166666667,1377.5920833333332,633.61575,4110.709916666667,1194.5031666666666,2106.903083333333,2094.2599999999998,3368.19175
2026-09-11 02:00:00,1347.8119166666668,1254.69525,605.4679166666666,3729.083416666667,1085.9103333333333,1889.6385833333334,1933.9864166666666,3116.3565833333337
2026-09-11 03:00:00,1252.21075,1146.0064166666666,563.7880833333334,3353.697583333333,980.285,1685.1669166666668,1761.7965000000002,2870.0035000000003
2026-09-11 04:00:00,1181.83,1067.3561666666667,539.0956666666667,3034.6209999999996,895.1393333333334,1526.46975,1632.567,2693.7965
2026-09-11 05:00:00,1129.0565,1009.7925,509.21733333333333,2801.0844166666666,836.7260833333333,1414.1454999999999,1538.9977499999998,2532.904666666667
2026-09-11 06:00:00,1075.0135,975.1298333333334,488.43991666666665,2658.5201666666667,798.7042500000001,1345.05225,1479.3642499999999,2432.6024166666666
2026-09-11 07:00:00,1070.5919999999999,957.1040833333333,482.74025,2551.7781666666665,770.6221666666667,1304.5573333333334,1459.65975,2377.7772499999996
2026-09-11 08:00:00,1087.9225833333333,968.9390833333333,484.34691666666663,2543.7519166666666,764.1345,1307.3660833333333,1470.102,2374.6605833333333
2026-09-11 09:00:00,1148.4725833333334,1028.5441666666668,513.3555833333334,2678.64875,796.3068333333334,1376.0760833333334,1542.0451666666668,2468.74425
2026-09-11 10:00:00,1254.0694166666667,1119.7278333333334,564.1124166666667,2955.581583333333,852.19425,1476.3575,1655.7616666666665,2648.0929166666665
2026-09-11 11:00:00,1153.8280833333333,1173.0940833333332,553.3930833333333,3086.2082499999997,846.7289166666666,1468.6335833333333,1636.85825,2749.6558333333337
2026-09-11 12:00:00,862.4434166666666,1178.2800833333333,438.61808333333335,3101.920666666667,805.5641666666667,1365.6434166666668,1449.5275,2800.295
2026-09-11 13:00:00,646.3335000000001,1148.5975,322.4795833333333,3060.26975,790.0167500000001,1232.7016666666666,1110.5255,2793.0670833333334
2026-09-11 14:00:00,513.4838333333333,1125.3768333333335,261.9493333333333,2890.9000833333334,730.9295000000001,1105.4046666666666,849.3204166666666,2759.4944166666664
2026-09-11 15:00:00,497.4005833333333,1121.88475,223.1505,2832.34975,607.0898333333333,961.6368333333334,758.4314166666667,2785.9743333333336
2026-09-11 16:00:00,494.31108333333333,1134.0183333333334,198.00900000000001,2901.46175,594.1329999999999,913.2420000000001,740.9664166666666,2841.9784999999997
2026-09-11 17:00:00,492.61283333333336,1154.6653333333334,191.25491666666667,3060.53775,640.9834166666666,971.1795000000001,788.2420833333334,2913.1997499999998
2026-09-11 18:00:00,526.6511666666667,1174.6885,197.01533333333336,3258.60125,698.3311666666667,1103.0971666666667,888.09875,3020.3181666666665
2026-09-11 19:00:00,654.4668333333333,1219.5885833333334,247.71574999999999,3501.2161666666666,793.8496666666666,1315.4925,1107.9251666666667,3116.63025
2026-09-11 20:00:00,908.9791666666666,1294.1541666666667,352.7489166666667,3774.396,943.3394166666667,1561.6285,1412.1601666666666,3246.219916666667
2026-09-11 21:00:00,1248.7709166666666,1352.345,498.9905833333333,3951.2705833333334,1066.2445833333334,1810.0976666666666,1734.3075,3317.8283333333334
2026-09-11 22:00:00,1432.2038333333333,1350.9293333333333,609.1595,3918.9652499999997,1117.38325,1917.1913333333332,1942.3655833333332,3221.04975
2026-09-11 23:00:00,1440.8768333333335,1322.58425,625.6750000000001,3768.4595000000004,1105.88675,1896.0275000000001,1944.50125,3109.8489166666664
2026-09-12 00:00:00,1374.15925,1266.7219166666666,599.9163333333333,3575.54125,1062.8419166666665,1816.0292499999998,1869.71775,2986.306416666667
2026-09-12 01:00:00,1313.7530833333333,1188.8575,580.1440833333334,3352.606333333333,998.9770833333333,1682.3952499999998,1793.573666666667,2854.7417499999997
2026-09-12 02:00:00,1229.3851666666667,1093.816,543.9880833333333,3078.5044999999996,924.6268333333334,1549.4394166666668,1668.9214166666668,2692.7515
2026-09-12 03:00:00,1153.94175,1000.5313333333334,500.7485,2802.7820833333335,841.835,1408.3206666666665,1545.1514166666666,2515.780583333333
2026-09-12 04:00:00,1091.4156666666665,935.3750833333334,486.72516666666667,2579.295583333333,780.0905833333333,1302.81225,1443.6164166666667,2357.7445000000002
2026-09-12 05:00:00,1042.7909166666666,891.1827499999999,468.228,2415.7790833333333,737.4454999999999,1227.4516666666666,1372.8765,2234.50675
2026-09-12 06:00:00,1018.6413333333334,861.27,451.08666666666664,2296.8105833333334,699.2903333333334,1172.9179166666665,1316.4680833333334,2138.3550833333334
2026-09-12 07:00:00,1014.3845833333334,850.2901666666667,448.52524999999997,2228.0570833333336,682.9821666666667,1146.2066666666667,1300.8232500000001,2093.3215
2026-09-12 08:00:00,1018.7479166666667,853.8505833333334,448.3233333333333,2200.34075,674.0321666666666,1141.6028333333334,1284.7237499999999,2073.0696666666668
2026-09-12 09:00:00,1046.0405833333332,881.03775,464.27708333333334,2230.746833333333,687.0988333333333,1166.0959166666667,1298.23675,2091.4239166666666
2026-09-12 10:00:00,1080.23125,926.54525,486.9644166666667,2320.9036666666666,717.70325,1203.0724166666666,1328.0355,2135.775416666667
2026-09-12 11:00:00,969.6165,969.3324166666666,473.05275,2385.6929166666664,717.1078333333334,1163.9513333333332,1256.8558333333333,2194.224083333333
2026-09-12 12:00:00,712.3270000000001,987.8658333333333,376.92125000000004,2399.4420833333334,632.2001666666666,1005.4980833333334,1006.3825833333334,2266.176916666667
2026-09-12 13:00:00,497.5245,969.5895833333334,255.5164166666667,2336.0851666666667,547.143,820.1234166666667,728.6866666666666,2300.192
2026-09-12 14:00:00,368.03891666666664,945.2125833333333,171.87625,2296.7734166666664,503.2383333333333,689.2879166666667,559.5049166666666,2314.9769166666665
2026-09-12 15:00:00,331.20374999999996,944.1006666666667,137.18983333333333,2314.6465,478.3690833333333,640.5204166666666,472.61308333333335,2354.3814166666666
2026-09-12 16:00:00,321.2511666666667,951.6185,129.30516666666668,2424.3145833333333,494.9068333333333,650.2529166666667,467.8700833333333,2392.1365
2026-09-12 17:00:00,334.70925,968.9787500000001,138.33608333333333,2653.9699166666664,550.23775,732.9008333333333,545.8829166666667,2448.755833333333
2026-09-12 18:00:00,379.5455,1010.53875,170.82841666666664,2877.2550833333335,627.3144166666667,893.3050833333333,739.2802499999999,2546.49175
2026-09-12 19:00:00,522.48275,1083.4005833333333,236.84233333333336,3022.37075,736.9700833333333,1190.2584166666668,1087.34725,2686.5003333333334
2026-09-12 20:00:00,804.6725833333334,1161.5468333333333,354.73575,3241.2836666666667,813.7726666666667,1439.2348333333332,1301.5076666666666,2781.8725833333333
2026-09-12 21:00:00,1155.4283333333333,1233.9500833333334,522.5321666666667,3467.2169166666667,929.734,1542.8107499999999,1536.5350833333332,2842.5290833333333
2026-09-12 22:00:00,1365.1565,1256.0799166666668,599.40975,3517.186,1012.9495833333334,1705.8763333333334,1762.1749166666666,2887.9186666666665
2026-09-12 23:00:00,1393.4303333333335,1257.9874166666666,621.8263333333333,3512.5518333333334,1017.0664166666667,1730.867,1805.5110000000002,2898.630416666667
2026-09-13 00:00:00,1348.2315833333334,1210.1175833333334,606.8640833333333,3414.8841666666667,994.8673333333332,1656.6028333333334,1767.2183333333332,2831.73525
2026-09-13 01:00:00,1276.7256666666667,1134.9391666666668,585.5994166666667,3251.494583333333,945.8679999999999,1556.59425,1690.2256666666665,2740.12625
2026-09-13 02:00:00,1201.1560833333333,1057.5788333333333,554.6441666666666,3047.32575,888.2141666666666,1452.0971666666667,1595.2675833333333,2606.41275
2026-09-13 03:00:00,1135.07,981.6101666666667,518.68475,2846.3422499999997,831.4185000000001,1346.0330833333335,1498.9964166666666,2450.8105833333334
2026-09-13 04:00:00,1076.5027499999999,924.784,501.5758333333333,2661.364916666667,782.5613333333334,1265.4523333333334,1422.4664166666669,2344.8825833333335
2026-09-13 05:00:00,1036.3129166666665,894.1534166666667,492.95475000000005,2536.148583333333,750.3294166666666,1210.6470833333333,1372.537,2263.391416666667
2026-09-13 06:00:00,1018.9699166666666,872.092,476.00025,2438.3472500000003,725.6750000000001,1174.1136666666666,1338.7635,2219.17875
2026-09-13 07:00:00,1011.8705833333333,863.4018333333333,468.68291666666664,2379.5138333333334,710.8274166666666,1157.5471666666665,1321.9588333333334,2196.9003333333335
2026-09-13 08:00:00,1013.8884166666667,867.679,467.23541666666665,2360.709083333333,707.2478333333333,1159.6216666666667,1306.2141666666666,2187.2138333333332
2026-09-13 09:00:00,1040.7655,890.46,476.26025,2391.9295,719.2428333333334,1181.2853333333335,1326.3687499999999,2219.167
2026-09-13 10:00:00,1112.9615000000001,929.45975,495.4569166666667,2484.8095,740.31625,1218.94725,1361.11125,2294.5841666666665
2026-09-13 11:00:00,1156.5893333333333,990.9914166666667,520.1541666666667,2627.8489166666664,773.81925,1257.2183333333332,1416.4750833333335,2390.5624166666666
2026-09-13 12:00:00,1212.7784166666668,1071.8851666666667,534.319,2868.9869999999996,813.7404166666666,1330.64975,1517.1225000000002,2522.6325833333335
2026-09-13 13:00:00,1261.3313333333333,1157.5126666666667,543.7724166666667,3126.7258333333334,873.0281666666666,1494.3561666666667,1641.4086666666665,2609.0610833333335
2026-09-13 14:00:00,1333.4999166666666,1222.5798333333335,524.5075833333334,3293.258416666667,900.9500833333333,1643.1905833333333,1736.8478333333333,2727.913
2026-09-13 15:00:00,1382.1461666666667,1267.7225833333334,514.7398333333333,3349.8415,921.7975833333334,1725.66375,1795.0101666666667,2861.204916666667
2026-09-13 16:00:00,1402.7513333333334,1291.5964166666665,508.99691666666666,3402.7700833333333,985.99775,1728.0111666666664,1789.16675,2898.7869166666665
2026-09-13 17:00:00,1396.6066666666666,1285.6290833333333,469.82241666666664,3373.789,994.6685000000001,1735.9408333333333,1778.7949166666667,2914.2259166666663
2026-09-13 18:00:00,1402.9834166666667,1273.3340833333334,416.11249999999995,3266.5945833333335,990.2805833333333,1715.3101666666669,1716.4489999999998,2911.21575
2026-09-13 19:00:00,1410.8329166666665,1261.9101666666668,393.22408333333334,3260.7365833333333,942.8920833333333,1678.6812499999999,1627.5345833333333,2882.83375
2026-09-13 20:00:00,1447.4370833333332,1289.4703333333334,453.75875,3487.4886666666666,847.8535,1611.6616666666666,1648.3515833333333,2913.1793333333335
2026-09-13 21:00:00,1490.520166666667,1331.4801666666667,581.4375833333334,3691.43225,977.3534166666667,1663.91975,1781.9185,2977.134
2026-09-13 22:00:00,1496.9995,1345.7678333333333,664.4891666666666,3780.8990833333337,1053.8266666666666,1799.8915833333333,1892.7523333333331,3026.46825
2026-09-13 23:00:00,1484.5459166666667,1339.984,662.3864166666666,3804.5874166666667,1073.3700000000001,1827.1305,1927.06225,3055.8819166666667
2026-09-14 00:00:00,1419.1223333333335,1287.2084166666666,654.47475,3694.8945,1028.5859166666667,1771.54625,1886.7246666666667,3012.058166666667
2026-09-14 01:00:00,1325.4455,1200.07,629.8920833333333,3460.325166666667,965.2670833333333,1660.7429166666668,1780.3389166666666,2913.9269999999997
2026-09-14 02:00:00,1230.1845833333334,1100.6391666666666,598.4548333333333,3170.717666666667,897.81625,1537.988916666667,1644.9544999999998,2837.8132499999997
2026-09-14 03:00:00,1153.1629166666667,1024.2195,565.21275,2915.9875833333335,831.57525,1413.6378333333332,1536.2206666666668,2635.4994166666665
2026-09-14 04:00:00,1107.102,980.7757499999999,555.6523333333333,2724.6785833333333,786.3973333333333,1331.38625,1462.3600833333333,2503.130333333333
2026-09-14 05:00:00,1082.9961666666666,949.2124166666667,512.1311666666667,2597.3074166666665,753.5854166666667,1274.6868333333334,1406.7479999999998,2406.4040833333333
2026-09-14 06:00:00,1074.0329166666668,928.4944999999999,497.56874999999997,2523.5925,732.063,1244.2370833333332,1373.95,2349.983583333333
2026-09-14 07:00:00,1074.0044166666667,928.2796666666667,489.0715,2491.720083333333,727.6750000000001,1235.1821666666667,1367.2685833333335,2346.5183333333334
2026-09-14 08:00:00,1109.3166666666666,955.2910833333334,491.95408333333336,2538.7863333333335,739.5655,1267.7035833333332,1399.0345,2387.0655833333335
2026-09-14 09:00:00,1191.4995833333335,1034.2059166666666,518.8104166666667,2707.1765833333334,782.5896666666666,1357.0568333333333,1499.6928333333333,2536.1617499999998
2026-09-14 10:00:00,1316.952,1157.3309166666666,573.8274166666666,3003.6836666666663,858.0437499999999,1511.0909166666668,1660.1174166666667,2793.7057499999996
2026-09-14 11:00:00,1263.0878333333333,1216.3319166666668,576.0199166666666,3150.1715833333333,913.4758333333333,1619.7619166666666,1679.3355833333335,2927.06425
2026-09-14 12:00:00,959.61875,1204.1853333333333,491.88183333333336,3075.4080833333333,907.6061666666666,1615.1730833333334,1422.85775,2935.8639166666667
2026-09-14 13:00:00,741.50975,1173.7605,399.92800000000005,2897.7763333333332,790.1605,1394.2606666666668,1075.41375,2817.1909166666665
2026-09-14 14:00:00,680.7793333333333,1146.4637500000001,329.9850833333333,2757.704916666667,559.9009166666666,1001.0838333333332,835.3947499999999,2767.392916666667
2026-09-14 15:00:00,683.0461666666666,1128.897,293.5849166666667,2714.080916666667,519.87675,834.6265833333333,703.0400833333333,2734.1428333333333
2026-09-14 16:00:00,645.9970833333333,1126.4561666666666,277.24025,2719.349583333333,527.1695,818.3784166666666,661.9979999999999,2704.451583333333
2026-09-14 17:00:00,649.8221666666667,1131.26775,276.81725,2781.912083333333,543.4831666666666,853.7405833333333,703.3971666666666,2734.18975
2026-09-14 18:00:00,686.5554166666667,1136.3035,276.48716666666667,2900.0008333333335,582.1713333333333,941.4110833333333,779.1985833333333,2789.9901666666665
2026-09-14 19:00:00,750.9254166666666,1173.6525833333333,326.30424999999997,3094.177416666667,665.6253333333333,1122.9089999999999,979.9954166666666,2888.018
2026-09-14 20:00:00,954.6868333333333,1243.5264166666666,422.88641666666666,3355.1828333333337,808.0470833333334,1367.21575,1282.30925,2995.4983333333334
2026-09-14 21:00:00,1276.8750833333334,1334.3558333333333,540.3549166666667,3598.3605000000002,945.0111666666667,1671.4501666666665,1641.5840833333332,3077.086
2026-09-14 22:00:00,1481.5640833333334,1355.7981666666667,623.967,3658.628083333333,1015.3055,1806.75425,1874.3873333333333,3054.2675
2026-09-14 23:00:00,1503.1180000000002,1352.8860833333333,644.2249166666667,3611.2861666666668,1010.6099166666667,1810.9113333333335,1913.5452500000001,3029.500666666667
2026-09-15 00:00:00,1435.8408333333334,1287.1646666666668,618.3770833333333,3438.9038333333333,967.6735,1736.0305,1836.28725,2929.760333333333
2026-09-15 01:00:00,1343.2264166666666,1184.5340833333332,590.8705833333333,3194.4665,901.2225,1611.8812500000001,1728.2735,2768.62925
2026-09-15 02:00:00,1231.1868333333334,1074.7909166666666,541.2325,2883.13775,823.2645833333332,1461.4157500000001,1587.5670833333334,2553.6725833333335
2026-09-15 03:00:00,1150.03925,977.6864166666668,498.3904166666667,2589.4534166666667,747.50975,1317.9406666666666,1454.33975,2340.2525
2026-09-15 04:00:00,1084.06325,920.0580833333333,482.9058333333333,2402.416833333333,698.6026666666667,1222.06325,1372.18625,2202.9713333333334
2026-09-15 05:00:00,1057.1125833333333,879.8154166666667,462.508,2268.2636666666667,656.1883333333334,1160.29675,1317.385,2098.4621666666667
2026-09-15 06:00:00,1042.5716666666667,861.2150833333334,456.42008333333337,2186.6870833333332,638.1080833333333,1123.2374166666666,1269.9585833333333,2029.8413333333335
2026-09-15 07:00:00,1038.4039166666666,860.2114166666667,450.46733333333333,2145.8875000000003,629.0009166666666,1113.2638333333334,1261.3346666666666,2003.3788333333334
2026-09-15 08:00:00,1069.76725,887.3256666666666,462.3751666666667,2177.7426666666665,636.4181666666667,1138.398,1277.6465833333334,2026.6404166666669
2026-09-15 09:00:00,1159.2807500000001,971.5794999999999,496.4096666666667,2333.8885,680.5901666666667,1220.2145,1373.5508333333335,2152.0362499999997
2026-09-15 10:00:00,1276.46025,1091.54825,556.60375,2618.422666666667,738.6933333333333,1350.4536666666665,1521.1857499999999,2370.76525
2026-09-15 11:00:00,1168.8028333333334,1146.08675,550.3410833333334,2743.09475,733.81475,1340.1402500000002,1504.7620833333333,2493.4376666666667
2026-09-15 12:00:00,837.7113333333333,1132.33625,433.13525,2652.46625,622.7938333333333,1132.4435,1217.1424166666668,2504.2838333333334
2026-09-15 13:00:00,594.1826666666667,1085.55425,306.49941666666666,2500.251,506.74691666666666,919.9869166666667,903.2878333333333,2498.7814166666667
2026-09-15 14:00:00,459.195,1062.6673333333333,236.89458333333334,2402.593083333333,437.60066666666665,746.6891666666667,678.3744166666667,2488.8608333333336
2026-09-15 15:00:00,421.7248333333334,1049.0381666666667,207.21258333333333,2327.95775,413.1670833333333,624.8439999999999,560.9988333333333,2487.5435833333336
2026-09-15 16:00:00,426.27791666666667,1039.32475,212.20933333333335,2323.9121666666665,413.72675000000004,594.01675,542.5676666666667,2510.9715
2026-09-15 17:00:00,453.171,1065.8645,246.55983333333333,2396.5286666666666,445.1596666666667,644.4149166666667,582.0878333333334,2536.8299166666666
2026-09-15 18:00:00,509.39925,1094.4979999999998,283.43575000000004,2513.2374166666664,492.23216666666667,744.5684166666666,687.775,2575.326
2026-09-15 19:00:00,617.5310000000001,1138.8203333333333,366.3111666666667,2761.1734166666665,591.4850833333334,955.0160833333333,891.5972499999999,2665.2268333333336
2026-09-15 20:00:00,878.1251666666667,1220.2426666666668,485.13175,3062.6956666666665,743.4471666666667,1223.89425,1241.2695833333335,2779.96875
2026-09-15 21:00:00,1300.1414166666666,1310.4078333333334,563.29125,3338.4848333333334,903.2882500000001,1525.5233333333333,1607.3728333333336,2899.436916666667
2026-09-15 22:00:00,1465.9384166666666,1340.71125,632.6303333333334,3457.300583333333,987.14675,1704.0598333333335,1841.562,2911.6951666666664
2026-09-15 23:00:00,1485.8464166666665,1353.0889166666666,647.4794166666667,3460.6077499999997,998.7903333333334,1735.3300833333333,1897.7449166666665,2905.29975
2026-09-16 00:00:00,1418.34525,1291.3836666666666,618.7943333333334,3322.00625,958.91575,1667.0329166666668,1852.7691666666667,2820.19525
2026-09-16 01:00:00,1341.6176666666668,1187.0584166666667,594.7501666666667,3105.6888333333336,890.0459166666666,1556.4551666666666,1749.0895,2676.9569166666665
2026-09-16 02:00:00,1241.5989166666666,1084.3921666666668,563.2397500000001,2829.6310833333337,817.0187500000001,1421.5239166666668,1630.2166666666665,2485.5028333333335
2026-09-16 03:00:00,1158.5918333333334,989.6600833333333,519.8481666666667,2566.388916666667,749.2529166666667,1290.68975,1501.1545833333332,2294.664
2026-09-16 04:00:00,1106.32825,931.3841666666667,505.80199999999996,2396.589916666667,710.8264166666667,1203.1845,1388.9156666666668,2165.7813333333334
2026-09-16 05:00:00,1082.4688333333334,892.2639166666667,483.80716666666666,2281.694,674.4199166666666,1150.14725,1319.5508333333335,2061.744166666667
2026-09-16 06:00:00,1062.0300833333333,871.9658333333333,477.388,2206.9130833333334,654.9131666666667,1120.1564166666667,1284.8820833333332,2014.2783333333334
2026-09-16 07:00:00,1067.4895833333333,874.5065,472.4648333333334,2173.0943333333335,646.6966666666666,1115.6366666666665,1277.7461666666666,2000.66525
2026-09-16 08:00:00,1099.036,899.94575,481.37175,2207.625,657.8931666666666,1142.5965833333332,1298.3451666666667,2030.0901666666668
2026-09-16 09:00:00,1178.7218333333333,983.7084166666667,517.56175,2370.21175,699.8260833333334,1227.6226666666666,1394.0475,2158.7094166666666
2026-09-16 10:00:00,1296.5494999999999,1113.4588333333334,577.766,2685.3280833333333,762.7107500000001,1357.7499166666666,1547.1979166666667,2400.7166666666667
2026-09-16 11:00:00,1327.1496666666667,1186.5755833333333,599.422,2895.6384166666667,775.0994999999999,1361.54325,1591.2578333333333,2560.248666666667
2026-09-16 12:00:00,1266.1328333333333,1185.8306666666667,554.16775,2942.014333333333,730.8016666666667,1247.2983333333334,1390.9913333333334,2648.1164166666667
2026-09-16 13:00:00,1039.5026666666665,1151.3203333333333,510.8733333333333,2821.4939166666663,594.0522500000001,1035.76675,1130.2359166666668,2587.7663333333335
2026-09-16 14:00:00,810.1528333333334,1147.0161666666665,471.6523333333334,2738.132416666667,514.3633333333333,849.3137499999999,947.7844166666667,2611.184083333333
2026-09-16 15:00:00,732.3360909090909,1160.0366363636365,367.5222727272727,2667.292090909091,523.5439090909091,771.8950909090909,938.6102727272727,2682.661181818182
2026-09-16 16:00:00,650.6778333333333,1169.0838333333334,331.242,2702.0885,563.9299166666666,809.208,858.2511666666666,2728.862166666667
2026-09-16 17:00:00,696.9445833333333,1209.89575,376.69166666666666,3022.7305833333335,563.6525,839.4405833333334,938.60775,2870.385583333333
2026-09-16 18:00:00,744.9165833333333,1254.293,371.8879166666666,3184.0374166666666,634.5975,1013.0234999999999,1048.3396666666667,2999.963333333333
2026-09-16 19:00:00,892.9744999999999,1321.72,399.62725,3306.9660000000003,752.0129166666667,1241.6125833333333,1272.484,3088.6872500000004
2026-09-16 20:00:00,1134.8324166666666,1385.65275,474.1815833333333,3446.359,872.69825,1429.9408333333333,1615.1187499999999,3246.9796666666666
2026-09-16 21:00:00,1361.6559166666666,1453.8069166666667,600.6288333333333,3677.117583333333,1012.7831666666666,1698.2578333333333,1828.8221666666668,3355.983083333333
2026-09-16 22:00:00,1510.131,1470.5424999999998,659.2563333333334,3755.3700833333332,1069.5638333333334,1833.2413333333334,2004.6395,3322.12125
2026-09-16 23:00:00,1532.95875,1478.5319166666668,654.08325,3799.62225,1079.5033333333333,1890.3803333333333,2074.6108333333336,3344.8946666666666
2026-09-17 00:00:00,1466.9170000000001,1415.0289999999998,641.1526666666667,3691.611833333333,1048.6608333333334,1835.9055833333332,2015.3381666666667,3263.02075
2026-09-17 01:00:00,1376.1315000000002,1318.1048333333333,622.6049166666667,3474.3381666666664,987.2424166666666,1726.34675,1911.7879999999998,3117.696
2026-09-17 02:00:00,1284.2163333333333,1207.9704166666668,593.9099166666666,3187.558916666667,919.2610833333333,1583.9275,1779.9260833333335,2921.235666666667
2026-09-17 03:00:00,1190.5188333333333,1107.9870833333334,554.1325833333333,2911.8934166666663,851.30875,1448.2708333333333,1651.5673333333334,2719.98075
2026-09-17 04:00:00,1139.2010833333334,1033.8285833333332,535.2846666666667,2710.2699166666666,799.8594166666667,1350.8910833333332,1563.1928333333333,2561.5520833333335
2026-09-17 05:00:00,1114.447,982.7860833333334,497.068,2575.4416666666666,770.8198333333333,1292.62175,1491.1187499999999,2438.7893333333336
2026-09-17 06:00:00,1081.9648333333332,957.6435833333334,497.09225,2498.2406666666666,750.8473333333333,1263.6387499999998,1446.4872500000001,2374.74275
2026-09-17 07:00:00,1075.6085833333334,951.5298333333334,483.76475,2460.5513333333333,743.7491666666666,1254.6546666666666,1444.3230833333334,2343.6640833333336
2026-09-17 08:00:00,1100.7483333333332,976.4626666666667,491.67216666666667,2486.8699166666665,752.95375,1279.153,1471.0580833333333,2368.58225
2026-09-17 09:00:00,1182.7984166666668,1055.8203333333333,524.3771666666667,2647.4043333333334,789.4854999999999,1354.77225,1554.403,2488.8783333333336
2026-09-17 10:00:00,1288.2224166666667,1177.8610833333335,584.4290833333333,2961.0628333333334,850.206,1488.9149166666666,1704.671,2726.1514166666666
2026-09-17 11:00:00,1271.7428333333335,1244.1383333333333,607.3585833333333,3131.6283333333336,882.19875,1512.5683333333334,1714.3239999999998,2888.46225
2026-09-17 12:00:00,1141.5978333333333,1263.4695,576.4495000000001,3191.9215,838.7331666666665,1422.0360833333334,1554.4984166666666,2983.5663333333337
2026-09-17 13:00:00,1011.5751666666666,1270.4409166666667,548.3558333333333,3240.37975,769.7066666666666,1290.09375,1362.6045,3052.8492499999998
2026-09-17 14:00:00,907.8005,1302.3635,520.663875,3345.592,725.317125,1205.9605,1316.05425,3137.55125
2026-09-17 15:00:00,1040.6569166666666,1336.79125,459.62125,3440.0480000000002,746.9134166666666,1234.3540833333334,1619.2945833333333,3252.2147499999996
2026-09-17 16:00:00,1089.8139166666667,1373.5943333333335,446.8573333333334,3662.90825,866.2985833333333,1384.7565833333335,1759.6045833333335,3412.346666666667
2026-09-17 17:00:00,1156.389,1418.5795,544.7548333333333,3846.2736666666665,918.6631666666667,1507.3766666666668,1835.8283333333331,3410.4731666666667
2026-09-17 18:00:00,1188.70525,1441.3132500000002,625.6211666666667,3958.4043333333334,962.4800833333334,1600.3280000000002,1913.261166666667,3567.9439166666666
2026-09-17 19:00:00,1272.1295,1466.1430833333334,654.3996666666667,4111.988,1030.6693333333333,1786.0242500000002,2033.1536666666668,3563.0368333333336
2026-09-17 20:00:00,1396.7119166666669,1483.6322499999999,663.3141666666667,4195.189833333333,1142.4171666666668,1961.88375,2103.663916666667,3630.9006666666664
2026-09-17 21:00:00,1483.7920833333335,1513.1109999999999,661.15,4203.596583333333,1182.7809166666666,2062.55775,2173.0269166666667,3656.8775
2026-09-17 22:00:00,1522.4490833333332,1516.0689166666668,662.6921666666666,4212.972916666667,1203.2145833333334,2119.481583333333,2195.016416666667,3619.2214166666668
2026-09-17 23:00:00,1502.44275,1490.6220833333334,663.3609166666666,4200.388333333333,1207.6870000000001,2142.7208333333333,2208.45525,3598.735666666667
2026-09-18 00:00:00,1426.1899166666665,1427.2716666666668,653.1715833333334,4072.4815,1171.5465000000002,2083.8329166666667,2160.5868333333333,3527.2761666666665
2026-09-18 01:00:00,1334.5270833333334,1342.3724166666666,634.3195,3852.163,1093.0781666666667,1969.2355,2056.2085833333335,3376.073083333333
2026-09-18 02:00:00,1252.2031666666667,1242.5583333333334,604.4938333333333,3559.4800833333334,1028.8043333333333,1792.9043333333332,1927.1463333333334,3179.33675
2026-09-18 03:00:00,1179.1575,1140.9513333333334,573.0053333333334,3259.5040000000004,950.67875,1631.9307500000002,1786.11025,2947.8524166666666
2026-09-18 04:00:00,1123.4275,1064.3619999999999,554.53075,3040.154666666667,892.2580833333333,1521.796833333333,1690.61725,2776.21275
2026-09-18 05:00:00,1098.45175,1014.9074166666666,515.7814999999999,2888.8484166666663,855.2456666666667,1453.4898333333333,1609.0800833333333,2648.6995833333335
2026-09-18 06:00:00,1079.5730833333334,984.0115,492.7124166666667,2783.42675,827.2945,1404.1610833333334,1551.8445833333333,2550.7859166666667
2026-09-18 07:00:00,1073.30675,974.6683333333334,482.8196666666667,2733.053416666667,817.2800833333334,1381.5666666666666,1530.76025,2464.874416666667
2026-09-18 08:00:00,1101.3635000000002,992.2219166666667,488.6734166666667,2750.820916666667,822.6621666666666,1388.5075,1549.6708333333333,2459.6574166666664
2026-09-18 09:00:00,1176.4349166666666,1063.7354166666667,519.9445833333333,2901.4311666666667,852.42475,1451.0661666666667,1616.0639166666667,2566.2106666666664
2026-09-18 10:00:00,1298.2781666666667,1179.6495833333333,574.8343333333333,3194.58275,909.3503333333333,1572.1958333333332,1753.4037500000002,2821.340666666667
2026-09-18 11:00:00,1253.4161666666666,1243.88275,588.6405833333333,3350.8205,934.9759166666666,1605.4119166666667,1760.5784999999998,2981.081666666667
2026-09-18 12:00:00,971.4693333333333,1256.00075,497.24741666666665,3367.86725,885.0456666666668,1494.5948333333333,1608.3239999999998,3062.4704166666666
2026-09-18 13:00:00,723.2988333333333,1234.547,380.85491666666667,3332.664583333333,801.1401666666667,1305.7540000000001,1401.7396666666666,3114.6295833333334
2026-09-18 14:00:00,626.5459999999999,1222.8315833333334,325.35583333333335,3307.08725,793.1596666666666,1261.78725,1156.241,3110.5110833333333
2026-09-18 15:00:00,649.7848333333333,1224.58925,314.8966666666667,3295.33775,784.0771666666666,1256.6659166666666,1004.0591666666666,3054.111833333333
2026-09-18 16:00:00,698.7868333333332,1248.2794166666665,319.60125,3335.6103333333335,777.527,1231.2690833333334,974.4515,3060.6986666666667
2026-09-18 17:00:00,721.293,1282.6414166666666,305.8700833333333,3474.8050000000003,799.8875833333333,1248.946,1117.0988333333332,3153.1570833333335
2026-09-18 18:00:00,697.0525833333332,1306.0833333333333,278.99966666666666,3653.9128333333333,831.6964166666667,1337.0811666666666,1339.81625,3277.1733333333336
2026-09-18 19:00:00,722.2384999999999,1299.8766666666668,301.34375,3880.369583333333,940.50875,1556.6469166666666,1481.9041666666665,3373.3143333333333
2026-09-18 20:00:00,928.1609166666667,1346.8400833333333,384.16766666666666,4044.9048333333335,1054.0011666666667,1763.2916666666667,1644.92725,3380.016166666667
2026-09-18 21:00:00,1252.1586666666667,1390.3574166666667,529.7789166666666,4150.734583333334,1130.2845833333333,1940.3344166666666,1861.3680000000002,3396.7035833333334
2026-09-18 22:00:00,1434.8394166666667,1380.8515833333333,621.1235833333334,4085.1984166666666,1148.8943333333334,1999.7389999999998,2004.100416666667,3295.336083333333
2026-09-18 23:00:00,1452.5556666666669,1357.492,630.9975000000001,3945.50675,1121.4935,1963.07,2011.1410833333332,3216.2285833333335
2026-09-19 00:00:00,1397.2796666666666,1295.5801666666666,604.3298333333333,3753.9568333333336,1067.07675,1876.7975,1917.3434166666666,3080.7324166666663
2026-09-19 01:00:00,1328.4793333333334,1205.8194166666667,580.976,3523.1408333333334,999.3506666666667,1752.9410833333334,1815.2166666666665,2905.808333333333
2026-09-19 02:00:00,1248.0018333333333,1105.9881666666668,550.4119166666667,3238.090666666667,922.9504166666667,1610.4859999999999,1711.8967499999999,2735.298583333333
2026-09-19 03:00:00,1162.5753333333334,1010.3404166666666,501.497,2944.013333333334,841.4765000000001,1458.202,1571.849,2525.16275
2026-09-19 04:00:00,1106.4314166666666,940.8979166666667,485.39191666666665,2696.898583333333,772.9753333333333,1342.8279166666666,1463.15725,2361.715166666667
2026-09-19 05:00:00,1076.5708333333334,894.2824166666666,465.48316666666665,2520.4714166666668,724.16025,1259.1525,1381.3945833333335,2238.0359166666667
2026-09-19 06:00:00,1059.6891666666668,862.32525,451.59650000000005,2387.1062500000003,691.7619166666667,1200.6768333333332,1325.5365833333333,2141.6383333333333
2026-09-19 07:00:00,1050.3326666666667,848.1700000000001,448.5109166666667,2297.481583333333,669.0374166666667,1169.4360833333333,1298.7449166666668,2088.7495
2026-09-19 08:00:00,1057.8163333333334,847.476,448.9649166666666,2249.2533333333336,658.0878333333334,1158.5398333333335,1290.8316666666667,2058.54625
2026-09-19 09:00:00,1092.95525,870.7711666666668,425.5254166666667,2269.6527499999997,665.8400833333334,1179.0669166666667,1295.2870833333334,2066.1876666666667
2026-09-19 10:00:00,1131.6631666666667,923.7111666666666,442.33566666666667,2361.0891666666666,681.8129166666666,1221.9505000000001,1330.2155833333334,2116.5601666666666
2026-09-19 11:00:00,1029.00925,981.8851666666666,418.9986666666667,2443.3433333333332,672.6516666666666,1192.13475,1280.7200833333334,2176.1884166666664
2026-09-19 12:00:00,732.8426666666668,995.0904166666668,344.3666666666666,2414.62675,588.8318333333333,1007.9685,1051.0184166666666,2199.975
2026-09-19 13:00:00,488.40591666666666,971.19725,223.78725,2279.3573333333334,476.145,832.1265833333333,772.9648333333333,2201.333
2026-09-19 14:00:00,362.5790833333333,943.5306666666667,151.61458333333334,2238.56425,415.8806666666667,660.9801666666666,653.4108333333334,2180.23475
2026-09-19 15:00:00,325.5565833333333,932.9174166666667,134.366,2261.708166666667,464.354,613.3261666666666,580.7405833333333,2181.267333333333
2026-09-19 16:00:00,313.1200833333333,947.0016666666667,179.11741666666668,2129.49425,445.46374999999995,562.8220833333334,555.9245,2191.6451666666667
2026-09-19 17:00:00,328.20525,985.8841666666667,195.62924999999998,2197.683,429.03999999999996,661.5803333333333,564.143,2239.9423333333334
2026-09-19 18:00:00,367.8045833333333,1004.8784999999999,193.41925,2351.657833333333,479.67008333333337,719.3930833333334,672.8591666666667,2265.755833333333
2026-09-19 19:00:00,524.8372499999999,1033.77825,235.78208333333336,2564.38175,593.6260833333333,917.6371666666668,973.357,2386.5168333333336
2026-09-19 20:00:00,798.7364166666666,1083.7841666666666,336.8619166666667,2820.4975,720.0155,1186.7549999999999,1348.14525,2492.1665
2026-09-19 21:00:00,1163.8928333333333,1149.2316666666668,467.0299166666667,3010.2068333333336,810.0790833333334,1420.0919999999999,1515.9646666666667,2549.302166666667
2026-09-19 22:00:00,1353.6720833333334,1182.7154166666667,558.2124166666666,3090.0635,865.7801666666666,1530.4804166666665,1640.1165,2602.36475
2026-09-19 23:00:00,1368.0247499999998,1190.1899999999998,573.0685833333333,3114.668166666667,878.38225,1554.4976666666669,1665.3041666666668,2616.616666666667
2026-09-20 00:00:00,1309.4220833333331,1144.7474166666666,555.91725,3020.9335833333334,847.97775,1499.11275,1631.4420833333334,2555.686
2026-09-20 01:00:00,1229.2121666666667,1075.19,530.5840833333333,2881.4485833333333,803.2055833333334,1417.46025,1553.3844166666668,2460.6700833333334
2026-09-20 02:00:00,1153.3578333333332,1001.6173333333332,498.8544166666666,2708.773583333333,755.6666666666666,1322.8946666666668,1454.9249166666666,2338.6739166666666
2026-09-20 03:00:00,1093.7053333333333,926.15675,458.76208333333335,2525.41775,707.8227499999999,1227.9085,1361.0338333333334,2203.5651666666668
2026-09-20 04:00:00,1044.8379166666666,876.35475,451.15183333333334,2375.17975,665.586,1160.5713333333333,1301.5169166666667,2103.7975833333335
2026-09-20 05:00:00,1020.9317500000001,842.8505,436.1483333333333,2254.0065833333333,636.23,1112.1085833333334,1243.71925,2020.91875
2026-09-20 06:00:00,1012.0900833333334,822.5983333333334,430.6746666666666,2174.62075,618.5794166666666,1079.2988333333335,1210.9324166666668,1969.2355833333334
2026-09-20 07:00:00,1006.0980833333333,814.2679166666667,425.6255833333333,2122.786666666667,608.5919166666666,1067.6895833333333,1200.1768333333332,1943.8006666666668
2026-09-20 08:00:00,1014.5215,821.0806666666667,424.0175,2106.964916666667,605.0285,1070.3346666666666,1193.89725,1940.4351666666669
2026-09-20 09:00:00,1047.0874166666667,848.8823333333333,433.02233333333334,2131.146,611.77625,1090.9921666666667,1208.29475,1966.3846666666668
2026-09-20 10:00:00,1103.8575,896.44425,459.97766666666666,2216.6580833333333,631.473,1138.0706666666667,1242.7759166666667,2032.0488333333333
2026-09-20 11:00:00,1065.2347499999998,960.7888333333334,485.45716666666664,2296.1394166666664,624.58925,1150.59775,1241.7189166666667,2094.43975
2026-09-20 12:00:00,1048.3738333333333,1026.61675,517.3511666666667,2500.9064166666667,611.7380833333333,1096.9471666666666,1269.2881666666667,2164.2860833333334
2026-09-20 13:00:00,1059.8495833333334,1105.1175,541.0856666666667,2689.991,678.393,1117.1263333333334,1368.3066666666666,2304.3279166666666
2026-09-20 14:00:00,1102.4943333333333,1146.0179166666667,545.6520833333333,2826.570333333333,708.3025833333332,1199.9854166666667,1429.6345833333335,2392.9753333333333
2026-09-20 15:00:00,1138.7244166666667,1179.72775,551.2832500000001,2949.021583333333,760.2240833333334,1271.0285833333335,1441.0431666666666,2429.1373333333336
2026-09-20 16:00:00,1163.9998333333333,1210.154,553.1574166666667,3018.9375,780.1991666666667,1340.0833333333333,1521.1702500000001,2520.0426666666667
2026-09-20 17:00:00,1231.36175,1215.1799166666667,560.697,3076.9576666666667,782.3255,1432.83475,1549.328083333333,2571.053
2026-09-20 18:00:00,1283.1214166666666,1212.79675,563.2053333333333,3088.277583333333,805.581,1440.4695833333333,1559.6149166666667,2564.5930000000003
2026-09-20 19:00:00,1306.0380833333334,1220.44325,563.1530833333333,3095.1967499999996,810.0501666666668,1451.5645833333335,1580.7361666666666,2574.768583333333
2026-09-20 20:00:00,1383.4695,1267.4975,575.587,3151.0606666666667,841.9496666666668,1505.4495833333333,1648.9109166666667,2645.77275
2026-09-20 21:00:00,1458.7315833333332,1304.0616666666667,602.32175,3246.12625,864.3189166666667,1567.0776666666668,1722.3758333333333,2719.9819166666666
2026-09-20 22:00:00,1475.77225,1308.3825833333333,605.2338333333333,3290.9569166666665,900.5653333333333,1637.9215000000002,1763.9875833333333,2758.00775
2026-09-20 23:00:00,1452.9654166666667,1281.3875,597.1428333333333,3271.5109166666666,902.9105,1632.3303333333333,1743.3142500000001,2760.463166666667
2026-09-21 00:00:00,1370.5004166666668,1210.92625,567.2176666666667,3158.313666666667,867.3230833333333,1563.7124999999999,1677.3730833333332,2688.94
2026-09-21 01:00:00,1271.0116666666665,1114.7365,537.3639166666667,2987.37775,821.6854166666667,1458.7871666666667,1573.2244166666667,2573.3011666666666
2026-09-21 02:00:00,1178.1328333333333,1023.6699166666667,503.71133333333336,2772.1493333333333,770.3665833333333,1354.2830000000001,1462.713,2430.3456666666666
2026-09-21 03:00:00,1105.9331666666667,944.4284166666666,465.74350000000004,2561.0217500000003,718.5551666666667,1254.6189166666666,1357.3329166666667,2270.91125
2026-09-21 04:00:00,1049.4920833333333,893.4820833333333,456.6093333333333,2392.44475,685.55625,1186.4343333333334,1304.4244166666667,2171.8706666666667
2026-09-21 05:00:00,1021.7020833333332,864.40225,438.39375,2271.514583333333,652.3359166666667,1142.8655,1262.3480833333333,2085.4011666666665
2026-09-21 06:00:00,1009.8664166666667,847.5445833333333,433.8766666666667,2195.3562500000003,632.1328333333333,1118.0750833333334,1217.6820833333334,2030.6011666666666
2026-09-21 07:00:00,1018.2539999999999,850.63375,433.06899999999996,2160.3659166666666,616.8168333333333,1113.5133333333333,1210.0017500000001,2008.5013333333334
2026-09-21 08:00:00,1062.8736666666666,883.3888333333334,443.513,2200.104083333333,636.9975833333333,1143.3748333333333,1248.0495833333334,2037.39725
2026-09-21 09:00:00,1145.94425,971.0144999999999,478.37275,2354.268583333333,680.8184166666666,1221.1775833333334,1352.3565,2146.849083333333
2026-09-21 10:00:00,1273.8241666666665,1106.4949166666668,535.7243333333333,2637.1875833333334,750.3289166666667,1364.7918333333334,1517.2988333333333,2375.7179166666665
2026-09-21 11:00:00,1198.1329166666667,1173.006,563.3338333333334,2824.8986666666665,792.7841666666667,1457.85725,1551.0204999999999,2528.4587500000002
2026-09-21 12:00:00,870.2624999999999,1165.27,532.8486666666666,2834.920166666667,805.1461666666668,1463.0695833333332,1302.62925,2514.18325
2026-09-21 13:00:00,612.1041666666666,1129.01575,494.1725833333333,2726.4,758.2761666666667,1308.1850833333333,990.6442499999999,2447.67025
2026-09-21 14:00:00,550.2330833333334,1113.90825,452.78608333333335,2532.5833333333335,648.4885,1122.6795833333333,747.247,2434.2299166666667
2026-09-21 15:00:00,622.2497500000001,1104.4381666666666,412.03208333333333,2388.6073333333334,487.58825,953.4453333333335,683.4546666666666,2419.2585833333333
2026-09-21 16:00:00,683.1410833333333,1112.7595833333332,388.229,2381.9521666666665,421.97724999999997,826.8669166666667,693.96,2428.6085
2026-09-21 17:00:00,712.2098333333333,1136.2053333333333,389.6385,2505.5553333333332,441.67558333333335,800.8125,814.2673333333333,2463.4665833333333
2026-09-21 18:00:00,721.4948333333333,1152.6833333333334,364.33141666666666,2675.3965000000003,477.4578333333333,830.1985,969.57075,2545.4490833333334
2026-09-21 19:00:00,773.9263333333333,1159.4665833333333,354.9165,2853.6275,558.544,955.3855,1137.9235,2636.743
2026-09-21 20:00:00,969.6503333333334,1208.5518333333332,401.4239166666666,3083.0045000000005,713.9429166666667,1190.7755,1354.0213333333334,2733.6309166666665
2026-09-21 21:00:00,1261.44525,1290.4905833333332,515.5893333333333,3276.38275,846.3159999999999,1477.2238333333335,1633.16925,2817.9365
2026-09-21 22:00:00,1451.01175,1339.80925,596.4654166666667,3387.597333333333,928.3963333333332,1651.6555,1811.2740000000001,2842.4737499999997
2026-09-21 23:00:00,1461.3345,1344.453,615.84725,3429.5659166666665,945.4405833333334,1699.9344166666667,1858.72925,2848.7034166666667
2026-09-22 00:00:00,1386.4215000000002,1276.8397499999999,582.6371666666666,3275.4415833333333,908.3885,1627.4200833333334,1786.4831666666666,2754.6360833333333
2026-09-22 01:00:00,1294.2919166666668,1176.339,556.67075,3053.2030833333333,849.1658333333334,1519.0019166666668,1686.8378333333333,2615.3746666666666
2026-09-22 02:00:00,1192.5455833333333,1068.5845,524.0135,2776.195333333333,785.9274166666668,1379.6336666666666,1558.4121666666667,2418.290916666667
2026-09-22 03:00:00,1113.1743333333334,978.1223333333334,479.50808333333333,2518.1799166666665,721.5435833333332,1255.9656666666667,1439.4436666666668,2235.53
2026-09-22 04:00:00,1068.7479166666667,922.6144166666667,465.49316666666664,2338.3548333333333,670.6599166666666,1177.3811666666668,1363.8920833333334,2116.7325833333334
2026-09-22 05:00:00,1040.5864166666668,884.8628333333332,449.56558333333334,2217.162,640.6088333333333,1127.99475,1312.4192500000001,2019.3973333333333
2026-09-22 06:00:00,1033.8581666666666,868.6039999999999,437.35699999999997,2140.2080833333334,623.3899166666666,1101.56225,1265.7903333333334,1962.4018333333333
2026-09-22 07:00:00,1040.7711666666667,869.3470833333334,435.64033333333333,2116.526,614.0215833333333,1096.3159166666667,1254.2075833333333,1936.8594999999998
2026-09-22 08:00:00,1065.0311666666666,900.0344166666667,449.45133333333337,2148.813583333333,626.3248333333333,1124.401,1286.7095,1968.6215
2026-09-22 09:00:00,1143.0470833333334,984.5803333333333,482.9241666666667,2314.0225833333334,671.8823333333333,1215.9129166666667,1386.4434166666667,2103.655083333333
2026-09-22 10:00:00,1271.4604166666666,1122.0518333333332,549.0628333333333,2631.5624166666666,742.6025,1365.7879999999998,1544.7085,2356.06375
2026-09-22 11:00:00,1266.0743333333332,1193.1025,555.0793333333334,2813.808916666667,777.7779166666666,1441.9921666666667,1607.8761666666667,2513.255583333333
2026-09-22 12:00:00,954.5703333333335,1185.0579166666666,469.63841666666667,2810.108833333333,786.9311666666667,1436.3999166666665,1501.6554166666667,2547.7320833333333
2026-09-22 13:00:00,677.8434166666667,1116.7925833333334,330.31725,2706.5453333333335,752.4104166666666,1352.8449166666667,1174.41025,2513.3885833333334
2026-09-22 14:00:00,488.23049999999995,1055.8728333333333,208.98258333333334,2612.9484166666666,647.8098333333334,1101.4759166666665,820.1430833333334,2354.2944166666666
2026-09-22 15:00:00,412.1236666666667,1027.0355833333333,175.66058333333334,2583.2332499999998,570.2065,870.7134166666666,658.442,2330.3385000000003
2026-09-22 16:00:00,401.1105,1025.8859166666668,182.15008333333333,2525.322583333333,496.333,798.5545833333334,684.8186666666667,2328.0633333333335
2026-09-22 17:00:00,419.423,1042.947,216.38250000000002,2569.9396666666667,468.1890833333334,793.8884166666667,851.3335000000001,2351.442833333333
2026-09-22 18:00:00,447.76191666666665,1065.5665833333335,249.3815,2695.8795,470.81058333333334,827.0444166666666,956.3360833333332,2386.4913333333334
2026-09-22 19:00:00,596.4983333333333,1101.617,286.511,2743.0605,519.56675,961.7105833333334,1036.1226666666666,2466.73775
2026-09-22 20:00:00,881.9761666666667,1175.0717499999998,366.2975833333333,2876.947583333333,663.6252499999999,1154.07525,1307.1214166666666,2600.1694166666666
2026-09-22 21:00:00,1263.7620833333333,1273.4448333333332,501.27524999999997,3084.7785833333332,812.081,1419.0919166666665,1573.85125,2731.5108333333333
2026-09-22 22:00:00,1448.36325,1326.05325,594.0026666666666,3226.7495833333337,888.9134166666666,1604.6545833333332,1797.0653333333332,2776.2990000000004
2026-09-22 23:00:00,1447.0570833333334,1330.5510000000002,608.12475,3268.72725,909.6716666666666,1653.4221666666665,1827.7306666666666,2791.5740833333334
2026-09-23 00:00:00,1378.5576666666666,1266.7040833333333,592.9324166666667,3131.4715,871.44425,1590.6025833333333,1764.1856666666665,2699.0965833333335
2026-09-23 01:00:00,1293.9173333333333,1171.6019166666667,569.4005000000001,2920.4479166666665,815.9540833333334,1488.5439999999999,1665.0645833333335,2554.4008333333336
2026-09-23 02:00:00,1178.9806666666666,1067.004,531.2643333333334,2649.3449166666664,754.0381666666667,1357.1573333333333,1528.1215,2366.3308333333334
2026-09-23 03:00:00,1103.4106666666667,978.2799166666667,486.2955,2406.717,690.04675,1238.1715833333333,1415.5394999999999,2183.2691666666665
2026-09-23 04:00:00,1060.8769166666668,925.06325,473.46316666666667,2243.2147499999996,638.3885,1153.85675,1350.3864166666667,2069.4108333333334
2026-09-23 05:00:00,1034.5080833333334,887.7045833333333,449.88824999999997,2129.2878333333333,609.1853333333333,1107.54425,1301.2420833333333,1974.1105833333334
2026-09-23 06:00:00,1026.1723333333332,872.8876666666666,440.19775,2071.54175,594.476,1085.6879166666668,1258.0873333333332,1926.0106666666668
2026-09-23 07:00:00,1032.3850833333333,874.5278333333334,437.3319166666667,2053.53925,593.64525,1083.0235833333334,1239.4559166666668,1914.0751666666667
2026-09-23 08:00:00,1046.0155833333333,910.7260833333333,456.09925,2106.4526666666666,607.56575,1120.46,1275.2313333333334,1958.4596666666666
2026-09-23 09:00:00,1142.1609166666667,998.9254166666666,489.67375,2277.7011666666667,656.7333333333333,1209.9018333333333,1391.1120833333334,2088.9575833333333
2026-09-23 10:00:00,1292.0461666666667,1137.0899166666666,554.0048333333333,2590.0616666666665,726.7979166666668,1358.23725,1552.5398333333333,2335.6316666666667
2026-09-23 11:00:00,1213.9504166666668,1206.1499166666665,560.3820833333333,2704.5181666666667,730.23,1353.86975,1585.4195833333333,2471.3128333333334
2026-09-23 12:00:00,874.1289166666667,1173.6565833333334,457.77825,2590.0599166666666,616.6920833333334,1170.6885833333333,1360.5940833333334,2475.621
2026-09-23 13:00:00,606.5036666666666,1106.7443333333333,314.68016666666665,2485.639833333333,529.3188333333334,979.5349166666666,1036.7619166666666,2463.9338333333335
2026-09-23 14:00:00,475.5655,1058.1289166666668,215.72966666666665,2349.01025,465.56649999999996,766.2433333333333,909.3219166666667,2458.863
2026-09-23 15:00:00,478.34200000000004,1065.19775,175.25324999999998,2328.2298333333333,400.7203333333334,658.6073333333333,839.1964166666667,2418.76775
2026-09-23 16:00:00,488.07275,1070.668,161.0925,2303.3079166666666,379.5251666666666,568.5790000000001,837.5891666666666,2387.6619166666665
2026-09-23 17:00:00,459.25983333333335,1068.6631666666667,169.8153333333333,2333.333,388.92525,603.6615,823.7895,2410.552166666667
2026-09-23 18:00:00,458.3644166666666,1062.4358333333332,180.13716666666667,2374.964,414.5369166666667,752.1554166666666,891.5348333333333,2436.2298333333333
2026-09-23 19:00:00,583.2668333333334,1081.865,238.34391666666667,2501.676,517.6601666666667,940.0459999999999,1006.6954999999999,2472.1643333333336
2026-09-23 20:00:00,857.47775,1153.0334166666667,344.40766666666667,2749.6074166666663,657.0479166666667,1176.9479166666667,1220.3723333333335,2551.603416666667
2026-09-23 21:00:00,1252.3443333333332,1265.2424166666667,510.98658333333333,3007.5779166666666,804.4934166666667,1414.1990833333332,1554.5433333333333,2693.637416666667
2026-09-23 22:00:00,1450.8228333333334,1319.4674166666666,611.9125833333334,3158.3235,890.9121666666666,1584.28875,1780.24175,2759.5260833333336
2026-09-23 23:00:00,1458.4129999999998,1325.1564166666667,620.8109166666667,3211.2821666666664,913.7824166666666,1626.7380833333334,1826.889,2782.8385833333336
2026-09-24 00:00:00,1398.0069166666665,1260.5554166666668,603.3816666666667,3090.389416666667,880.45475,1568.9884166666668,1765.9945833333334,2693.45025
2026-09-24 01:00:00,1314.92425,1164.0105833333334,584.0820833333333,2895.10575,822.9327499999999,1472.9373333333333,1667.2953333333332,2560.8680833333333
2026-09-24 02:00:00,1212.10525,1062.5425833333334,555.473,2626.08075,756.5744166666667,1342.7015,1533.0975,2375.864
2026-09-24 03:00:00,1132.7770833333334,975.2774166666667,499.97225000000003,2393.79525,696.3404166666666,1227.5875,1423.1225833333335,2194.68
2026-09-24 04:00:00,1089.6096666666667,923.1724166666667,481.90775,2233.579166666667,642.57975,1143.45925,1359.5425,2079.3890833333335
2026-09-24 05:00:00,1057.7795833333332,890.4488333333334,460.8453333333334,2124.7915,617.40625,1096.0079166666667,1313.8189166666666,1984.3780833333333
2026-09-24 06:00:00,1052.9790833333334,877.984,454.0604166666667,2077.7861666666668,603.465,1073.6098333333332,1255.4678333333334,1930.7598333333333
2026-09-24 07:00:00,1056.256,883.0759166666667,451.2483333333334,2057.3719166666665,602.1631666666666,1072.17975,1253.7645,1920.7585833333333
2026-09-24 08:00:00,1086.18825,913.9736666666666,461.6981666666666,2104.734,612.5738333333334,1103.5873333333332,1283.9088333333332,1953.253
2026-09-24 09:00:00,1182.1633333333334,1005.8942499999999,502.12033333333335,2291.7926666666667,658.83775,1192.2993333333334,1392.26825,2095.380083333333
2026-09-24 10:00:00,1313.2175,1143.4463333333333,570.6498333333333,2615.1231666666667,732.4456666666666,1331.8274166666667,1565.6063333333334,2349.2488333333336
2026-09-24 11:00:00,1236.3055833333335,1210.26625,573.4798333333333,2774.123,740.5103333333333,1360.74225,1581.9628333333333,2483.4176666666667
2026-09-24 12:00:00,907.4808333333334,1181.9265833333334,465.92966666666666,2654.47175,632.5309166666667,1203.12625,1295.733,2463.18125
2026-09-24 13:00:00,632.9405833333334,1110.3754999999999,323.0355,2451.94975,547.26075,1022.7374166666667,934.7709166666667,2402.6944166666667
2026-09-24 14:00:00,498.15625,1058.5390833333333,213.32541666666668,2306.2793333333334,501.4046666666666,837.1323333333333,677.9340833333333,2355.3586666666665
2026-09-24 15:00:00,458.5941666666667,1035.5569166666667,176.20483333333334,2182.1098333333334,420.55275,705.5010000000001,525.9978333333333,2313.58475
2026-09-24 16:00:00,441.9614166666667,1022.0416666666666,166.23825,2136.5009166666664,400.16558333333336,644.2756666666667,474.8919166666667,2297.10975
2026-09-24 17:00:00,443.76258333333334,1018.8525833333333,166.886,2192.971916666667,436.47075,683.9618333333333,494.44433333333336,2311.405583333333
2026-09-24 18:00:00,484.92608333333334,1031.7994166666667,182.58033333333333,2322.8816666666667,441.6720833333333,743.8641666666667,586.4451666666666,2361.45525
2026-09-24 19:00:00,638.5684166666666,1080.6965833333334,238.39225,2489.3820833333334,503.4670833333333,868.4567499999999,855.5047500000001,2441.0930000000003
2026-09-24 20:00:00,920.95975,1163.68675,357.6780833333333,2784.50375,639.0416666666666,1091.4810833333333,1217.8099166666666,2575.82725
2026-09-24 21:00:00,1282.80875,1253.1418333333334,519.6525,3028.01425,794.926,1359.9033333333334,1561.6825,2708.063833333333
2026-09-24 22:00:00,1458.3761666666667,1304.21325,613.3665833333333,3142.0525833333336,899.6659166666667,1535.5184166666668,1751.0470833333331,2749.5897499999996
2026-09-24 23:00:00,1466.0360833333334,1317.4944166666667,627.4799166666667,3187.7765,901.0726666666666,1593.868333333333,1806.9285,2752.34575
2026-09-25 00:00:00,1420.2398333333333,1256.0460833333334,610.1121666666667,3079.5208333333335,871.31225,1546.5238333333334,1755.0139166666668,2669.4355
2026-09-25 01:00:00,1338.2444166666667,1165.08625,587.322,2882.1251666666667,820.9921666666665,1458.0375000000001,1662.5931666666665,2540.8084166666667
2026-09-25 02:00:00,1236.0464166666668,1062.6770833333333,553.6615833333334,2629.9283333333333,753.6280833333334,1338.45625,1531.8550833333331,2363.42225
2026-09-25 03:00:00,1164.8951666666667,974.1845,499.96883333333335,2392.7139166666666,691.3565,1219.86375,1413.71475,2187.04175
2026-09-25 04:00:00,1116.2575833333333,921.4891666666666,482.36858333333333,2242.2227500000004,644.0525833333334,1139.58275,1339.9661666666668,2067.6566666666668
2026-09-25 05:00:00,1091.3898333333334,887.4989999999999,458.891,2135.4090833333335,614.6872500000001,1094.0830833333332,1296.8935833333333,1979.9403333333332
2026-09-25 06:00:00,1073.8065,871.1159166666666,449.6119166666667,2070.1340833333334,599.23875,1069.1609166666667,1256.4005833333333,1928.7455
2026-09-25 07:00:00,1085.161,870.2154166666666,447.828,2052.171333333333,591.9918333333334,1062.4971666666668,1243.6289166666668,1908.3334166666666
2026-09-25 08:00:00,1113.4443333333334,900.2054166666667,461.38475,2095.972166666667,604.7170833333333,1092.9274166666667,1281.7100833333334,1945.9996666666666
2026-09-25 09:00:00,1191.8115833333334,979.7138333333332,494.13916666666665,2272.1455833333334,643.4580833333333,1171.5021666666667,1379.5135833333334,2075.7871666666665
2026-09-25 10:00:00,1317.4360833333333,1114.5539999999999,555.4613333333333,2590.0761666666667,717.9104166666666,1314.1288333333334,1546.4413333333332,2332.6378333333337
2026-09-25 11:00:00,1244.54325,1182.5966666666666,563.6055,2770.63625,755.3258333333333,1387.4985833333333,1575.1715833333335,2478.3968333333332
2026-09-25 12:00:00,950.8769166666666,1162.5226666666667,456.3885,2774.010333333333,746.3826666666668,1374.3565833333332,1386.8359166666667,2533.3314166666664
2026-09-25 13:00:00,705.7304166666667,1113.9842500000002,327.6805,2699.0849166666667,723.1828333333333,1317.4083333333333,1182.8120833333332,2530.3866666666668
2026-09-25 14:00:00,591.88325,1101.6007499999998,211.52266666666665,2654.8991666666666,728.2984166666666,1300.643,1036.2281666666665,2569.6719166666667
2026-09-25 15:00:00,551.5635833333333,1059.6703333333332,171.83775,2604.015083333333,742.621,1246.2276666666667,858.3723333333334,2583.4726666666666
2026-09-25 16:00:00,534.9110833333333,1042.7396666666666,162.05808333333334,2538.97675,718.3790833333334,1241.2465833333333,853.9020833333334,2601.178
2026-09-25 17:00:00,603.9136666666667,1056.8744166666668,165.32641666666666,2544.7625000000003,737.5144166666668,1297.24675,911.7111666666666,2555.4238333333333
2026-09-25 18:00:00,693.6614166666667,1073.4175,189.22258333333332,2571.367333333333,755.2301666666667,1352.47825,1091.5545,2558.65025
2026-09-25 19:00:00,866.0084999999999,1107.6108333333334,257.79633333333334,2690.1707499999998,777.3311666666667,1403.5233333333333,1224.79125,2622.8776666666668
2026-09-25 20:00:00,1079.2214166666668,1156.1009999999999,378.328,2893.2934999999998,831.6261666666666,1480.5100833333333,1407.2704999999999,2678.311166666667
2026-09-25 21:00:00,1300.454,1232.2715,525.2222499999999,3037.8508333333334,868.5816666666666,1577.02775,1625.8339166666667,2754.5940833333334
2026-09-25 22:00:00,1423.528,1269.8490833333333,605.67175,3113.2780000000002,887.391,1626.6080833333333,1741.36525,2762.4593333333337
2026-09-25 23:00:00,1413.9248333333333,1264.4835833333334,615.409,3103.8620833333334,879.8904166666666,1603.3944166666668,1752.0665,2734.552833333333
2026-09-26 00:00:00,1357.7066666666667,1211.9271666666666,591.4360833333334,3001.6889166666665,836.1460833333334,1540.5382499999998,1701.7295833333335,2651.4414166666666
2026-09-26 01:00:00,1284.4503333333334,1133.2169999999999,572.5296666666667,2837.6564166666667,798.6400833333333,1450.4739166666668,1619.30675,2532.8373333333334
2026-09-26 02:00:00,1208.3063333333332,1047.7485,541.1844166666666,2638.635333333333,742.4789166666666,1343.3250833333334,1508.2790833333331,2381.98725
2026-09-26 03:00:00,1136.0027499999999,968.8078333333333,500.0950833333333,2434.5844166666666,685.6238333333334,1240.3236666666667,1401.6319166666665,2238.895916666667
2026-09-26 04:00:00,1083.9901666666667,914.3284166666667,479.1123333333333,2277.9696666666664,634.2854166666667,1169.6668333333334,1335.5287500000002,2130.7033333333334
2026-09-26 05:00:00,1058.1653333333334,874.9731666666667,462.70374999999996,2157.4045833333334,604.5659166666667,1117.12125,1277.1074999999998,2048.2111666666665
2026-09-26 06:00:00,1037.4975000000002,851.0754166666667,448.356,2087.1448333333333,582.46025,1085.7460833333332,1250.302,1993.46825
2026-09-26 07:00:00,1030.51175,843.2299166666667,446.2445,2052.128833333333,576.1862500000001,1071.5466666666666,1223.4875,1955.8755
2026-09-26 08:00:00,1041.0293333333332,854.5234999999999,449.5620833333333,2051.5228333333334,587.447,1076.053,1224.8295833333334,1956.0600000000002
2026-09-26 09:00:00,1074.8856666666668,884.4853333333334,465.2078333333333,2103.0048333333334,603.335,1106.2511666666667,1256.8935833333333,1993.33
2026-09-26 10:00:00,1125.70875,931.5061666666667,483.93699999999995,2221.126083333333,634.5231666666667,1164.6085833333334,1300.99625,2077.3299166666666
2026-09-26 11:00:00,1118.6221666666668,999.8133333333334,493.88183333333336,2356.7948333333334,655.9350833333334,1224.7995833333332,1324.5663333333334,2171.4295
2026-09-26 12:00:00,940.0972499999999,1060.5139166666665,454.18025000000006,2530.1535,676.7386666666666,1282.5227499999999,1309.0024166666667,2263.2777499999997
2026-09-26 13:00:00,722.0779166666666,1098.6449166666666,390.9525833333334,2676.252,723.2593333333333,1351.9968333333334,1285.0,2357.2810833333333
2026-09-26 14:00:00,579.2435833333333,1114.68325,353.47625,2763.992166666667,755.8205833333333,1390.9968333333334,1261.2795833333332,2417.28525
2026-09-26 15:00:00,570.8904166666666,1122.9786666666666,328.2150833333333,2800.7677500000004,784.0594166666666,1455.1570833333335,1229.5858333333333,2495.90575
2026-09-26 16:00:00,593.3104999999999,1121.19,289.31641666666667,2816.1896666666667,815.2152500000001,1470.7265833333333,1328.04175,2538.8926666666666
2026-09-26 17:00:00,642.5038333333333,1134.2749166666667,301.67575,2845.732083333334,824.7485,1501.7194166666668,1406.6850000000002,2536.31
2026-09-26 18:00:00,791.837,1138.3208333333334,365.98825000000005,2832.7909999999997,821.49625,1518.96425,1478.729,2556.5814166666664
2026-09-26 19:00:00,1044.73625,1148.1083333333333,437.9560833333333,2871.330083333333,841.0837499999999,1568.97725,1509.2770833333334,2566.5991666666664
2026-09-26 20:00:00,1253.11725,1183.1130833333334,495.62566666666663,2942.056416666667,857.4889166666667,1602.4489166666665,1595.01925,2599.20725
2026-09-26 21:00:00,1361.6813333333332,1225.9969166666667,558.0368333333333,3021.7983333333336,881.50675,1625.7019166666666,1674.5128333333332,2659.3859166666666
2026-09-26 22:00:00,1404.9855833333334,1237.5635,597.39525,3060.6036666666664,872.1045833333333,1625.7786666666668,1704.2155,2696.2793333333334
2026-09-26 23:00:00,1387.9668333333332,1209.05325,597.279,3011.391416666667,851.6896666666667,1581.2891666666667,1680.0679166666666,2657.60425
2026-09-27 00:00:00,1326.55325,1151.55125,575.5748333333333,2873.9330833333333,813.8509166666666,1505.1579166666668,1618.0881666666667,2574.1749166666664
2026-09-27 01:00:00,1263.7674166666666,1084.53325,551.6198333333333,2711.04075,775.6706666666668,1417.0425833333331,1534.9835,2465.155166666667
2026-09-27 02:00:00,1186.277,1008.78975,522.9156666666667,2524.3305,726.7468333333333,1318.9083333333333,1442.1548333333333,2335.30825
2026-09-27 03:00:00,1120.7075833333333,938.3153333333333,487.50191666666666,2354.051,679.4401666666666,1225.1269166666668,1339.5329166666668,2199.3995
2026-09-27 04:00:00,1081.2855,889.2799166666667,468.51783333333333,2215.103833333333,644.3779166666667,1161.1143333333332,1285.3263333333332,2102.323083333333
2026-09-27 05:00:00,1052.7038333333333,854.1973333333334,454.3715833333333,2114.666333333333,617.1559166666667,1110.10125,1242.0611666666666,2025.6253333333334
2026-09-27 06:00:00,1036.509,835.1416666666668,441.0530833333333,2039.4134999999999,601.7981666666666,1084.26625,1215.9169166666668,1980.3363333333334
2026-09-27 07:00:00,1031.6976666666667,826.5899166666667,435.36266666666666,1992.009,591.1905,1072.1231666666665,1195.3973333333333,1949.8139166666667
2026-09-27 08:00:00,1033.1154166666668,830.3844166666667,434.94624999999996,1991.9236666666666,588.186,1075.5289166666666,1188.39275,1945.5986666666668
2026-09-27 09:00:00,1057.5353333333333,856.4423333333333,446.8023333333333,2043.0504166666667,602.5310000000001,1100.8565833333332,1215.77025,1974.2893333333334
2026-09-27 10:00:00,1114.1239166666667,900.7791666666667,467.47,2142.9225833333335,628.9484166666667,1152.9760833333332,1259.2571666666665,2048.2173333333335
2026-09-27 11:00:00,1181.8564166666667,967.85925,488.1906666666667,2243.7016666666664,656.46475,1223.9399166666667,1302.1892500000001,2144.1875
2026-09-27 12:00:00,1228.1580000000001,1054.2059166666666,511.1818333333333,2390.9685,704.7863333333333,1301.0136666666667,1354.4165,2272.69525
2026-09-27 13:00:00,1234.4531666666667,1117.5191666666667,512.66,2508.4338333333335,757.3688333333333,1359.88625,1349.88925,2405.6718333333333
2026-09-27 14:00:00,1197.2388333333333,1160.55475,503.83391666666665,2571.7781666666665,770.8088333333334,1382.3334166666666,1417.0461666666667,2506.8125
2026-09-27 15:00:00,1153.7914166666667,1194.3385,503.92633333333333,2618.101,765.0873333333334,1390.7401666666665,1438.9159166666668,2578.1715833333333
2026-09-27 16:00:00,1153.7959166666667,1214.3629166666667,517.5568333333333,2672.189083333333,750.0816666666666,1398.1059166666666,1454.81175,2629.5004166666668
2026-09-27 17:00:00,1173.267,1207.9925,533.2895833333333,2750.4161666666664,765.3853333333333,1410.8556666666666,1409.7811666666666,2672.692833333333
2026-09-27 18:00:00,1208.736,1203.4861666666666,543.489,2790.2246666666665,808.6050833333334,1458.5855833333335,1472.2654166666669,2674.336
2026-09-27 19:00:00,1255.9263333333333,1214.2311666666667,553.0036666666666,2824.8163333333337,834.32125,1499.88975,1570.63725,2661.1751666666664
2026-09-27 20:00:00,1359.3363333333334,1252.6670833333335,583.9396666666667,2928.3501666666666,876.5833333333334,1564.3220833333335,1643.4110833333334,2695.4050833333336
2026-09-27 21:00:00,1457.5901666666666,1298.85175,617.2493333333333,3076.5081666666665,903.4773333333333,1650.2004166666666,1726.7944166666666,2756.6203333333337
2026-09-27 22:00:00,1485.2685833333333,1306.1730833333334,637.87875,3139.7569166666667,915.0092500000001,1683.2399166666667,1771.0858333333333,2780.339
2026-09-27 23:00:00,1437.7275833333333,1272.8660833333333,621.8119166666667,3097.584083333333,902.0753333333333,1639.0658333333333,1740.9488333333331,2740.854333333333
2026-09-28 00:00:00,1362.4435,1206.8689166666666,608.6650833333333,2972.418416666667,862.5090833333334,1561.145083333333,1669.8778333333332,2648.6336666666666
2026-09-28 01:00:00,1273.1130833333334,1117.4960833333334,582.1923333333333,2783.6696666666667,813.1585833333334,1454.5895,1566.6306666666667,2513.12675
2026-09-28 02:00:00,1178.1559166666666,1022.9195833333333,552.9336666666667,2555.9187500000003,747.2864166666667,1342.6138333333333,1462.6841666666667,2350.2246666666665
2026-09-28 03:00:00,1094.21275,942.8106666666666,498.02341666666666,2348.58275,693.8285,1236.732,1367.2269166666665,2192.46625
2026-09-28 04:00:00,1052.3575833333334,897.4185000000001,493.85024999999996,2216.4236666666666,651.8569166666667,1168.8855833333334,1312.84375,2088.3963333333336
2026-09-28 05:00:00,1022.5824166666666,864.3958333333334,474.144,2112.764083333333,619.7160833333334,1118.6283333333333,1255.5225,2000.17525
2026-09-28 06:00:00,1013.4946666666666,851.23225,466.5635,2060.2786666666666,605.0656666666667,1095.4018333333333,1234.1183333333333,1965.2515833333334
2026-09-28 07:00:00,1013.5032500000001,851.7870833333333,472.17575000000005,2039.54375,606.6795833333333,1092.731,1225.0323333333333,1952.7376666666667
2026-09-28 08:00:00,1044.3984166666667,881.6441666666666,471.86291666666665,2094.304833333333,621.3284166666666,1119.2736666666667,1253.3234166666666,1992.3328333333332
2026-09-28 09:00:00,1130.0639166666667,971.43475,504.91083333333336,2270.5844166666666,666.18625,1209.8005833333334,1342.1784166666666,2138.1169166666664
2026-09-28 10:00:00,1261.9826666666665,1113.1426666666666,569.432,2596.33025,743.81275,1366.2441666666666,1505.062,2402.9394166666666
2026-09-28 11:00:00,1347.1355,1215.337,604.02825,2829.3326666666667,814.4935,1485.8281666666664,1617.4811666666667,2614.3973333333333
2026-09-28 12:00:00,1359.3886666666667,1242.8360833333334,608.29175,2948.5814166666664,834.0164166666667,1523.4905833333332,1657.3666666666668,2727.634666666667
2026-09-28 13:00:00,1356.6391666666666,1259.2259999999999,589.5311666666666,3017.3704999999995,834.85275,1485.7405,1694.6642499999998,2802.6777500000003
2026-09-28 14:00:00,1357.3001666666667,1278.1398333333334,584.1516666666666,3055.627916666667,838.1596666666666,1453.8170833333334,1690.0023333333331,2828.5024166666667
2026-09-28 15:00:00,1341.7781666666667,1287.336,562.1475,3054.20375,836.8689166666667,1494.4346666666668,1679.8087500000001,2835.126166666667
2026-09-28 16:00:00,1338.9216666666666,1288.32025,561.515,3042.861666666666,832.1386666666667,1525.1795,1679.7207500000002,2859.9526666666666
2026-09-28 17:00:00,1333.9955833333333,1281.0524166666667,557.9744999999999,3001.913916666667,836.4849166666667,1466.7002499999999,1697.984333333333,2833.0668333333338
2026-09-28 18:00:00,1336.107,1265.1054166666665,570.4630833333333,2962.0865833333332,831.1091666666666,1446.9624166666665,1705.0020833333335,2809.53975
2026-09-28 19:00:00,1370.6600833333332,1267.0260833333334,584.5475833333334,2980.175333333333,860.6460000000001,1492.3521666666666,1716.4719166666666,2818.331666666667
2026-09-28 20:00:00,1447.15025,1298.4311666666665,608.8011666666666,3064.8375833333334,894.1320000000001,1569.3502500000002,1769.8553333333332,2852.0479166666664
2026-09-28 21:00:00,1510.1164166666667,1358.9800833333334,641.3350833333333,3208.5170833333336,935.7519166666666,1660.02775,1848.87625,2916.422
2026-09-28 22:00:00,1514.3345833333333,1373.4548333333332,652.9989166666667,3305.5501666666664,963.2438333333333,1729.8661666666667,1902.2440833333333,2921.7508333333335
2026-09-28 23:00:00,1467.6807500000002,1331.3266666666666,634.6039166666667,3286.0153333333333,942.3189166666667,1733.314916666667,1879.5869999999998,2872.7024166666665
2026-09-29 00:00:00,1393.1865,1256.1135833333333,616.0395,3146.0759166666667,896.1234166666667,1652.2285833333333,1805.9085833333331,2774.7045833333336
2026-09-29 01:00:00,1310.517,1164.8470833333333,590.7855833333333,2942.6834999999996,847.5654166666667,1548.8789166666666,1700.1631666666665,2631.0624166666666
2026-09-29 02:00:00,1218.727,1063.9871666666666,560.3625000000001,2688.4938333333334,780.3136666666666,1422.0989166666666,1567.8712500000001,2434.3335833333335
2026-09-29 03:00:00,1143.90575,973.8065833333334,514.2099166666667,2448.7798333333335,718.57825,1297.44325,1438.7574166666666,2252.48775
2026-09-29 04:00:00,1079.2416666666666,918.27525,493.7365,2289.005,671.0879166666667,1215.8875,1370.1126666666667,2126.813166666667
2026-09-29 05:00:00,1051.5551666666668,882.1455,467.7961666666667,2188.33325,642.58625,1165.5618333333334,1316.7630833333333,2038.42925
2026-09-29 06:00:00,1049.4899166666667,862.4479166666666,459.8878333333334,2115.88125,626.6164166666666,1131.2676666666666,1304.7369166666667,1986.4786666666666
2026-09-29 07:00:00,1049.9795000000001,861.4076666666666,455.46566666666666,2092.5491666666667,623.1360833333333,1121.52175,1303.4813333333334,1976.5621666666666
2026-09-29 08:00:00,1075.2399166666667,889.70025,464.2341666666666,2140.82425,629.9938333333333,1148.6324166666666,1341.6248333333333,2015.3945
2026-09-29 09:00:00,1157.41575,974.7221666666666,501.16499999999996,2315.6265,677.1818333333333,1233.7839999999999,1430.6805833333335,2151.6983333333333
2026-09-29 10:00:00,1289.5665833333333,1114.3715833333333,564.234,2649.72725,758.967,1389.5562499999999,1590.4437500000001,2422.433666666667
2026-09-29 11:00:00,1344.7703333333332,1187.3290833333333,602.2766666666666,2823.3105833333334,790.0689166666666,1460.1890833333334,1643.4595,2592.1519166666667
2026-09-29 12:00:00,1324.93425,1201.9649166666666,602.4896666666667,2775.0070833333334,728.3601666666667,1416.7566666666664,1567.9925,2648.3663333333334
2026-09-29 13:00:00,1267.2335,1207.2474166666668,588.39925,2665.2655,677.1617500000001,1347.557,1422.4508333333333,2689.3315
2026-09-29 14:00:00,1206.1134166666668,1206.7290833333334,568.9223333333333,2654.656,666.6503333333334,1315.7821666666666,1413.689,2722.3301666666666
2026-09-29 15:00:00,1149.8123333333333,1195.2700833333333,538.1663333333333,2793.9204166666664,711.1829166666666,1343.3231666666668,1365.3356666666666,2735.6842500000002
2026-09-29 16:00:00,1105.00675,1188.6444166666668,511.19374999999997,2799.4611666666665,755.5419166666667,1359.8270833333333,1385.4583333333333,2734.4216666666666
2026-09-29 17:00:00,1130.5343333333333,1198.33925,493.03325,2824.3565,781.9208333333335,1371.8722500000001,1422.911,2749.57525
2026-09-29 18:00:00,1128.0485833333335,1207.1960833333333,480.7773333333333,2852.019333333333,791.2554166666667,1425.1755833333334,1494.5781666666664,2769.35375
2026-09-29 19:00:00,1216.6478333333332,1215.67375,496.0775833333334,2926.0934166666666,809.4135,1471.6913333333332,1551.29425,2788.49
2026-09-29 20:00:00,1315.7839999999999,1246.41875,540.5201666666667,3086.3809166666665,855.7926666666667,1503.0895,1632.0808333333334,2819.74475
2026-09-29 21:00:00,1424.7650833333335,1301.2560833333334,602.4724166666666,3235.034916666667,889.6624166666667,1623.0426666666665,1748.19525,2892.43325
2026-09-29 22:00:00,1485.36175,1348.0159166666667,642.3829999999999,3345.463916666667,935.9915833333333,1717.0917499999998,1863.46825,2945.420583333333
2026-09-29 23:00:00,1467.8107499999999,1340.4683333333332,639.9890833333333,3356.3728333333333,941.9568333333333,1722.9310833333332,1872.1857499999999,2929.3945833333332
2026-09-30 00:00:00,1395.8504999999998,1271.3804166666666,615.4605,3207.5514166666667,899.2846666666666,1651.7385000000002,1813.8698333333332,2840.6576666666665
2026-09-30 01:00:00,1310.29475,1180.0106666666668,593.0291666666667,3010.0882500000002,848.6037500000001,1549.8733333333332,1717.4639166666666,2703.06975
2026-09-30 02:00:00,1218.8480833333333,1077.72825,567.0129166666667,2760.5796666666665,791.13825,1424.7582499999999,1587.8328333333332,2520.62175
2026-09-30 03:00:00,1137.5093333333334,988.7634166666667,515.369,2509.8836666666666,730.0771666666666,1300.7346666666667,1470.9506666666666,2327.72725
2026-09-30 04:00:00,1079.8090833333333,927.52725,502.5116666666667,2345.6638333333335,678.98225,1219.9175833333331,1397.0193333333334,2201.2226666666666
2026-09-30 05:00:00,1052.9111666666668,888.2850833333333,477.57733333333334,2227.7115833333332,650.10675,1165.9514166666665,1335.5131666666666,2101.8393333333333
2026-09-30 06:00:00,1027.8078333333333,870.748,468.54725,2155.805083333333,634.1618333333333,1138.5375000000001,1298.2926666666665,2052.0531666666666
2026-09-30 07:00:00,1042.7203333333334,869.5016666666667,467.685,2131.781,628.8053333333334,1129.0746666666666,1297.7901666666667,2035.1719166666664
2026-09-30 08:00:00,1065.8029166666668,899.0835000000001,473.4384166666667,2176.89825,639.7465,1156.5755833333333,1320.3265,2070.1425833333333
2026-09-30 09:00:00,1141.8722500000001,978.2943333333333,512.1745,2352.873666666667,684.877,1244.2255,1408.7864166666668,2203.088166666667
2026-09-30 10:00:00,1256.6005833333334,1110.36,569.9138333333334,2675.7339166666666,760.7764999999999,1399.177,1579.9580833333332,2450.6792499999997
2026-09-30 11:00:00,1293.01975,1186.5925,603.64075,2870.7268333333336,804.7685,1465.8548333333335,1654.98175,2626.25125
2026-09-30 12:00:00,1285.1500833333332,1205.8949166666666,584.6291666666667,2879.1776666666665,768.2334166666666,1373.7695,1577.1180833333335,2725.610833333333
2026-09-30 13:00:00,1234.56275,1211.3205833333334,561.2566666666667,2828.9339999999997,700.3898333333333,1270.2654166666666,1439.5420833333335,2810.8271666666665
2026-09-30 14:00:00,1178.9713333333334,1206.2549166666668,527.12725,2835.5395000000003,695.1527500000001,1265.7245,1352.698,2833.6763333333333
2026-09-30 15:00:00,1155.0266666666666,1197.81025,520.3649166666667,2937.037083333333,719.2018333333334,1319.631,1336.5615833333334,2824.8129166666663
2026-09-30 16:00:00,1139.2139166666666,1177.9428333333333,502.3631666666667,2878.265,765.4983333333333,1377.5009166666666,1259.3703333333333,2820.752
2026-09-30 17:00:00,1166.3781666666666,1170.6784166666666,469.8735,2871.7724166666667,798.1056666666667,1353.3708333333334,1269.5980833333333,2729.62275
2026-09-30 18:00:00,1264.8125833333334,1159.6215,443.91183333333333,2928.128083333333,775.2518333333334,1354.2024166666667,1373.5753333333332,2758.3410833333332
2026-09-30 19:00:00,1284.2165,1159.73425,455.0586666666666,2847.6877499999996,840.2299166666667,1441.3123333333333,1349.1799166666667,2752.878166666667
2026-09-30 20:00:00,1342.53725,1209.8834166666666,496.3543333333333,2957.0655,865.11525,1477.3031666666666,1467.3075,2829.599583333333
2026-09-30 21:00:00,1464.3220000000001,1285.23275,577.3488333333333,3156.7478333333333,907.5618333333333,1598.4527500000002,1654.3161666666667,2937.5156666666667
2026-09-30 22:00:00,1536.1730833333334,1340.6545833333332,638.6670833333334,3308.9195,952.58025,1724.7304166666665,1847.7935833333333,2981.262583333333
2026-09-30 23:00:00,1514.0149166666667,1345.6892500000001,649.23275,3341.762583333333,958.4655833333333,1735.9051666666667,1875.6753333333334,2967.683166666667
2026-10-01 00:00:00,1450.8436666666666,1279.1313333333335,625.9805833333334,3205.6690833333337,917.585,1666.1441666666667,1810.9361666666666,2876.3863333333334
2026-10-01 01:00:00,1372.1420833333334,1183.8024166666667,598.167,3007.3766666666666,862.2865833333334,1556.8711666666668,1710.4930000000002,2728.9448333333335
2026-10-01 02:00:00,1258.9215000000002,1078.7205833333335,563.9389166666666,2751.349666666667,794.8298333333333,1420.436,1581.6924166666668,2532.3371666666667
2026-10-01 03:00:00,1167.4134999999999,989.18025,518.6705000000001,2509.681,727.01175,1298.2635833333334,1464.8078333333333,2344.4283333333333
2026-10-01 04:00:00,1119.9300833333334,929.0018333333334,502.8904166666667,2338.33375,676.72925,1210.86,1399.448,2213.6730000000002
2026-10-01 05:00:00,1084.694,890.4108333333334,485.0124166666667,2223.0643333333333,644.5125,1153.6200833333335,1343.4939166666666,2113.7436666666667
2026-10-01 06:00:00,1077.0216666666668,878.28175,473.47408333333334,2152.9306666666666,630.1588333333333,1121.7257499999998,1298.66725,2051.2965833333333
2026-10-01 07:00:00,1072.8732499999999,875.2709166666667,475.5525,2129.4665,624.6215833333333,1115.1276666666665,1281.53025,2027.5358333333334
2026-10-01 08:00:00,1103.5106666666668,902.3253333333333,476.1048333333333,2174.520916666667,634.0931666666667,1146.93175,1310.3475,2059.688833333333
2026-10-01 09:00:00,1188.7016666666666,984.8924999999999,517.4761666666667,2357.6049166666667,685.4608333333334,1231.3615,1409.5095833333335,2192.49575
2026-10-01 10:00:00,1319.7020833333333,1116.0245,571.3618333333333,2674.6955833333336,761.3514166666668,1380.20375,1578.5270833333334,2444.77375
2026-10-01 11:00:00,1346.66,1182.8259166666667,595.4758333333333,2844.2685,808.145,1455.7533333333333,1673.3507499999998,2630.5882500000002
2026-10-01 12:00:00,1269.1305,1191.4583333333333,525.2783333333333,2914.2450000000003,768.4801666666667,1391.628,1649.6704166666666,2732.1740833333333
2026-10-01 13:00:00,1035.5430833333332,1172.9133333333334,459.50675,2979.1176666666665,709.1674166666667,1319.1071666666667,1552.4758333333332,2795.541833333333
2026-10-01 14:00:00,710.7406666666667,1178.5711666666666,476.4925,2969.041416666667,674.4085833333334,1169.0610833333333,1499.37625,2777.92125
2026-10-01 15:00:00,599.6816666666667,1213.9696666666666,523.0656666666667,2877.5245833333333,709.2146666666667,1092.0094166666665,1451.46525,2777.437583333334
2026-10-01 16:00:00,589.7974166666667,1222.469,542.3686666666666,2896.593083333333,710.1370833333334,1113.6736666666668,1353.2035,2847.0887500000003
2026-10-01 17:00:00,646.3956666666667,1236.15875,537.1678333333333,2876.4588333333336,765.5371666666666,1248.6338333333333,1437.3360833333334,2908.0800833333337
2026-10-01 18:00:00,806.05425,1250.5159999999998,560.65075,3072.1693333333333,807.2714166666666,1417.36675,1392.72725,3011.625666666667
2026-10-01 19:00:00,917.8680833333333,1247.2464166666666,600.169,3256.711333333333,822.0936666666666,1454.7899166666666,1585.7369166666667,3043.1048333333333
2026-10-01 20:00:00,1165.9273333333333,1294.0468333333333,626.5835833333333,3364.9457500000003,919.2674999999999,1557.143,1741.34525,3058.137666666667
2026-10-01 21:00:00,1456.9221666666665,1342.2291666666667,617.7534166666667,3435.00475,968.3220833333334,1685.4020833333334,1815.0585,3114.7346666666667
2026-10-01 22:00:00,1549.73375,1369.9746666666667,611.22825,3508.351666666667,993.9834999999999,1740.70575,1871.6558333333332,3109.3399166666663
2026-10-01 23:00:00,1532.4014166666666,1366.6142499999999,617.0116666666667,3545.6754166666665,998.1661666666668,1746.9409166666667,1904.5971666666667,3100.362833333333
2026-10-02 00:00:00,1479.952,1310.4986666666666,614.7605833333333,3419.9975833333333,969.6403333333333,1718.1244166666665,1878.6093333333336,3055.8001666666664
2026-10-02 01:00:00,1409.7189166666667,1229.0405,599.9489166666667,3230.5759166666667,919.6103333333334,1636.3304166666667,1794.4695833333333,2922.81075
2026-10-02 02:00:00,1309.53575,1123.8826666666666,562.849,2964.5599166666666,848.6381666666666,1502.1119166666667,1668.5475833333333,2745.0224999999996
2026-10-02 03:00:00,1218.5291666666667,1033.7950833333332,529.7895,2707.6896666666667,784.7868333333334,1378.7572499999999,1547.9930000000002,2553.697833333333
2026-10-02 04:00:00,1179.8425,973.6016666666666,541.9934999999999,2518.885083333333,737.0110833333333,1286.4933333333333,1470.0822500000002,2423.0216666666665
2026-10-02 05:00:00,1152.3535,931.7654166666666,509.46274999999997,2393.9363333333336,705.64675,1222.1984166666666,1412.1140833333332,2310.0115
2026-10-02 06:00:00,1134.3924166666666,907.4029166666666,485.08075,2312.712916666667,682.27675,1187.474,1365.4559166666668,2242.9738333333335
2026-10-02 07:00:00,1130.3174166666668,903.3863333333334,474.1621666666667,2275.986083333333,678.6719166666667,1176.8854166666667,1343.1193333333333,2224.1399166666665
2026-10-02 08:00:00,1161.7413333333334,927.9855000000001,480.7524166666667,2303.1466666666665,688.2940833333333,1196.60725,1367.9115000000002,2256.4861666666666
2026-10-02 09:00:00,1235.4863333333333,1001.0293333333334,510.68375,2459.1210833333334,728.5947500000001,1276.26225,1455.2470833333334,2382.897916666667
2026-10-02 10:00:00,1352.1034166666666,1123.4105833333333,565.30425,2761.102166666667,796.1628333333333,1416.3595833333331,1609.6150833333334,2624.8405
2026-10-02 11:00:00,1377.5935833333333,1203.183,600.87175,2944.5868333333333,823.9130833333334,1462.31375,1658.1763333333336,2795.461333333333
2026-10-02 12:00:00,1267.548,1233.3778333333332,602.6255,2965.2386666666666,753.1883333333334,1313.4591666666668,1471.339,2878.7253333333333
2026-10-02 13:00:00,1176.8365833333335,1239.1911666666667,602.44275,2916.64125,673.03425,1130.7920000000001,1230.6186666666665,2941.7118333333333
2026-10-02 14:00:00,1162.9429166666666,1259.9554166666667,594.3395,2894.936,616.9685833333333,1032.4861666666668,1073.6368333333332,3013.6870833333337
2026-10-02 15:00:00,1066.579,1294.7652500000002,610.1833333333333,2972.5385,635.9100833333333,1003.8684166666667,1002.7374166666667,3106.00225
2026-10-02 16:00:00,1197.6803333333335,1363.7330833333333,596.3186666666667,3086.808833333333,652.18125,1043.0874166666665,1050.3251666666667,3214.4448333333335
2026-10-02 17:00:00,1441.2049166666666,1423.5251666666666,584.0754166666667,3250.206083333333,712.6095,1132.17325,1284.07175,3363.740916666667
2026-10-02 18:00:00,1516.4354999999998,1437.6861666666666,570.7544166666667,3472.8782499999998,807.8968333333333,1344.2525833333334,1580.3118333333332,3492.2185833333333
2026-10-02 19:00:00,1515.2998333333333,1415.57125,574.9425,3716.197583333333,905.2945,1523.4220833333331,1813.0026666666665,3544.7318333333333
2026-10-02 20:00:00,1480.0553333333335,1373.2065,592.7626666666666,3939.2724999999996,976.0235833333332,1736.1988333333331,1875.61325,3592.6049166666667
2026-10-02 21:00:00,1513.3585,1385.1843333333334,620.22975,3959.1296666666663,1038.4095833333333,1864.99925,1942.8514166666666,3526.48625
2026-10-02 22:00:00,1554.4058333333332,1394.8253333333332,622.37825,3894.1050833333334,1061.8693333333333,1899.2585833333333,1973.9331666666667,3414.76025
2026-10-02 23:00:00,1522.9866666666667,1365.2345833333334,624.9520833333333,3814.753166666667,1068.4071666666666,1864.0811666666668,1961.7638333333334,3329.2687499999997
2026-10-03 00:00:00,1463.8844166666668,1302.33825,613.4738333333333,3618.549916666667,1039.0905833333334,1829.1024166666666,1920.7400833333334,3205.405666666667
2026-10-03 01:00:00,1392.0218333333332,1223.5395,595.1721666666666,3429.571416666667,984.4548333333333,1742.6965833333334,1832.4835,3072.354333333333
2026-10-03 02:00:00,1301.4736666666668,1123.8890833333332,564.54175,3174.892416666667,910.6631666666667,1619.0851666666667,1712.3588333333335,2897.3303333333333
2026-10-03 03:00:00,1221.9493333333332,1028.0913333333333,530.9768333333333,2900.17125,836.14875,1492.7683333333334,1587.6963333333333,2683.81225
2026-10-03 04:00:00,1167.3871666666666,955.5605,514.6034166666667,2646.0404166666667,790.2013333333333,1379.2459166666667,1493.1075,2483.5934166666666
2026-10-03 05:00:00,1133.0159166666667,903.25275,476.18825,2464.3169166666667,747.861,1284.12175,1401.1815833333333,2328.662333333333
2026-10-03 06:00:00,1109.8849166666666,869.61,460.31708333333336,2342.822333333333,716.71225,1219.1251666666667,1332.28725,2217.3354999999997
2026-10-03 07:00:00,1095.0896666666667,849.2506666666667,453.3725833333333,2257.9441666666667,692.8725833333333,1177.8100833333333,1286.92725,2140.570833333333
2026-10-03 08:00:00,1102.1718333333333,848.0795833333333,449.26375,2222.8486666666668,677.6275833333333,1165.16325,1271.7509166666666,2102.1025833333333
2026-10-03 09:00:00,1134.69325,870.1335833333333,428.0255833333333,2253.77475,672.1034166666667,1185.2469166666667,1285.6565833333334,2120.0113333333334
2026-10-03 10:00:00,1189.5100833333333,925.2645000000001,453.8926666666667,2360.73375,673.9875000000001,1231.18175,1337.6176666666668,2180.65325
2026-10-03 11:00:00,1141.6485833333334,986.2159166666667,473.5896666666667,2458.65125,664.1849166666667,1233.3511666666666,1333.3735,2252.409166666667
2026-10-03 12:00:00,879.1165833333333,1008.0815833333332,408.09625,2480.5959166666667,601.0888333333334,1057.8975833333334,1104.71425,2293.3224166666664
2026-10-03 13:00:00,622.0545833333333,982.8033333333333,291.79966666666667,2377.9483333333333,492.72583333333336,839.6735833333333,791.0458333333332,2289.3976666666667
2026-10-03 14:00:00,486.12025,947.7915833333333,202.43283333333332,2268.5525000000002,424.2389166666667,663.3345833333334,555.7534166666667,2282.218083333333
2026-10-03 15:00:00,459.86083333333335,921.99825,168.29999999999998,2202.478833333333,386.34141666666665,570.089,454.6656666666667,2286.9203333333335
2026-10-03 16:00:00,431.2805,911.6737499999999,158.97066666666666,2218.579166666667,399.3264166666667,558.8404166666667,463.5545,2321.0986666666668
2026-10-03 17:00:00,417.82675,916.2585,152.87258333333332,2303.3681666666666,430.57933333333335,628.4155,547.9258333333333,2344.4035
2026-10-03 18:00:00,458.3519166666667,929.8692500000001,149.41833333333332,2443.5295,489.19758333333334,745.7855833333333,629.5018333333334,2360.6693333333333
2026-10-03 19:00:00,627.1053333333333,982.0425833333334,209.51933333333332,2627.5156666666667,604.3005833333333,909.0994999999999,826.0682499999999,2433.881083333333
2026-10-03 20:00:00,948.9750833333334,1070.1105833333334,346.28025,2858.1165,729.0592499999999,1173.2000833333334,1147.1344166666665,2558.9681666666665
2026-10-03 21:00:00,1310.404,1161.6986666666667,519.7568333333334,3074.7153333333335,846.6733333333333,1452.2084166666666,1501.978,2658.23
2026-10-03 22:00:00,1450.5610833333333,1198.9112499999999,593.41,3126.8159166666665,891.3345833333333,1554.3255,1645.70425,2705.8149166666667
2026-10-03 23:00:00,1443.0805,1183.4151666666667,604.4971666666667,3096.469416666667,883.6521666666666,1547.9263333333336,1638.0049166666668,2683.991
2026-10-04 00:00:00,1379.5448333333334,1131.50775,583.3605833333334,2966.331666666667,848.8196666666666,1484.6075,1584.9691666666668,2620.68975
2026-10-04 01:00:00,1298.0760833333334,1068.806,560.0123333333333,2814.5561666666667,806.5955,1404.5000833333334,1528.5010833333333,2528.796083333333
2026-10-04 02:00:00,1223.7746666666667,996.3881666666666,533.3319166666666,2634.3995,756.1062499999999,1312.3988333333334,1432.2746666666665,2386.8008333333332
2026-10-04 03:00:00,1163.1158333333333,922.3346666666666,494.12825,2437.2753333333335,705.1704166666667,1219.0949166666667,1343.9021666666665,2243.5165
2026-10-04 04:00:00,1121.2445,864.1791666666667,475.1885833333333,2273.8503333333333,655.5421666666666,1142.0483333333334,1281.0143333333333,2126.7871666666665
2026-10-04 05:00:00,1093.4021666666667,826.9000833333333,458.1579166666666,2161.4410833333336,625.4714166666666,1091.0891666666666,1228.3223333333333,2034.0560833333332
2026-10-04 06:00:00,1080.8699166666668,806.8238333333334,452.12125,2081.748666666667,602.8550833333334,1057.8058333333333,1181.9519166666666,1965.5845833333333
2026-10-04 07:00:00,1078.9110833333334,798.5794166666666,449.5494166666667,2038.4434166666667,588.2395,1038.0691666666667,1157.22,1928.8910833333332
2026-10-04 08:00:00,1088.0063333333333,806.7878333333333,453.12283333333335,2025.27525,586.07125,1038.328,1157.27275,1922.14875
2026-10-04 09:00:00,1111.6144166666666,833.4056666666667,468.51208333333335,2051.063166666667,594.9740833333334,1059.9273333333333,1184.494,1946.2185833333333
2026-10-04 10:00:00,1187.6681666666666,887.4016666666666,498.22974999999997,2140.5123333333336,614.45575,1108.6365833333332,1235.9579166666665,2018.8689166666666
2026-10-04 11:00:00,1154.3430833333334,950.7678333333333,512.9756666666666,2225.7130833333335,617.925,1115.393,1241.8418333333332,2082.04825
2026-10-04 12:00:00,912.1565,979.4345,442.11275,2258.9535,555.2776666666667,981.0439166666666,1170.1555833333334,2112.6240833333336
2026-10-04 13:00:00,655.3055833333333,963.0704999999999,329.4220833333333,2229.3965000000003,455.36041666666665,839.5340833333333,1022.7351666666667,2123.8484166666667
2026-10-04 14:00:00,511.9484166666667,938.5695833333333,249.56516666666667,2280.3783333333336,447.20225,677.881,867.916,2159.1836666666663
2026-10-04 15:00:00,519.85,955.83725,225.17975,2331.1820000000002,426.20233333333334,620.7843333333334,716.7022499999999,2169.4241666666667
2026-10-04 16:00:00,618.6627500000001,967.3584999999999,228.15525,2462.39675,511.98633333333333,673.7680833333333,689.0972499999999,2192.1330833333336
2026-10-04 17:00:00,683.1764166666667,977.8613333333333,246.65525000000002,2562.78,575.41375,819.11775,807.4155000000001,2217.329583333333
2026-10-04 18:00:00,842.8415833333333,999.1558333333334,276.4696666666667,2569.4738333333335,725.54225,1109.5486666666668,1057.9745,2346.8455833333333
2026-10-04 19:00:00,961.64875,1038.4948333333334,356.92716666666666,2691.7495833333332,739.0709166666667,1317.4790833333334,1194.4621666666667,2441.030333333333
2026-10-04 20:00:00,1079.0966666666666,1122.0334166666667,437.3515,2857.071416666667,784.1356666666667,1395.4758333333332,1416.7027500000002,2550.0544166666664
2026-10-04 21:00:00,1421.9260833333335,1205.6015,567.0191666666666,3010.057166666667,853.2775833333334,1521.6546666666666,1562.9115833333333,2660.808
2026-10-04 22:00:00,1517.7669166666667,1253.14175,623.1039166666666,3106.66,894.4143333333333,1604.5350833333334,1699.8626666666667,2761.0681666666665
2026-10-04 23:00:00,1507.6587499999998,1241.2053333333333,616.4133333333333,3110.7353333333335,904.0655,1590.7859166666667,1707.2180833333332,2758.717583333333
2026-10-05 00:00:00,1435.9148333333333,1179.4935,607.8206666666666,2996.7658333333334,870.2440833333334,1532.7058333333334,1647.7861666666668,2696.45275
2026-10-05 01:00:00,1344.6673333333333,1088.20975,580.90075,2810.5199166666666,804.41,1421.7107500000002,1556.698,2583.597583333333
2026-10-05 02:00:00,1249.69825,996.3128333333334,541.2051666666666,2588.3388333333332,743.9579166666667,1316.4779166666667,1433.9853333333333,2403.8323333333333
2026-10-05 03:00:00,1176.56575,913.85975,506.8113333333333,2378.2689166666664,688.9366666666666,1212.8944166666668,1334.2299166666667,2236.27675
2026-10-05 04:00:00,1131.3066666666666,863.9540000000001,490.7069166666667,2228.94775,646.8944166666666,1137.8015833333332,1263.7555,2118.0835
2026-10-05 05:00:00,1104.8313333333333,829.8529166666667,459.20841666666666,2126.08,619.0340833333333,1090.371,1212.7281666666668,2033.6018333333334
2026-10-05 06:00:00,1094.1073333333334,817.7401666666666,451.9068333333333,2073.6351666666665,607.1973333333334,1069.3759166666666,1199.48525,1994.5913333333335
2026-10-05 07:00:00,1100.2164166666666,818.2669166666666,451.3555833333333,2053.9635,617.4180833333334,1064.9933333333333,1190.096,1981.060083333333
2026-10-05 08:00:00,1128.1409166666665,851.7336666666666,461.60858333333334,2104.0711666666666,636.0658333333333,1094.97975,1215.3714166666666,2012.5196666666668
2026-10-05 09:00:00,1206.2948333333334,941.6370833333334,499.8809166666667,2283.7053333333333,684.3009166666667,1183.3784166666667,1321.7026666666668,2146.41075
2026-10-05 10:00:00,1343.4085833333334,1092.1093333333333,562.0485,2622.8335,748.5140833333334,1341.4206666666666,1507.7098333333333,2404.74575
2026-10-05 11:00:00,1383.3431666666665,1179.5451666666668,604.2319166666666,2807.334083333333,806.5469166666667,1422.12425,1573.92975,2568.391166666667
2026-10-05 12:00:00,1307.9224166666665,1189.2695,565.9266666666666,2760.52525,724.7331666666668,1307.7363333333333,1405.7545,2580.4601666666667
2026-10-05 13:00:00,1158.1943333333334,1142.7923333333333,433.40975000000003,2586.9448333333335,556.2280833333333,985.9125833333333,1117.2901666666667,2529.42325
2026-10-05 14:00:00,1165.0822500000002,1085.2865833333333,343.19616666666667,2461.8555,469.4569166666667,760.2312499999999,814.136,2503.9493333333335
2026-10-05 15:00:00,1043.2354166666667,1058.3760833333333,274.05958333333336,2453.81725,443.0835,679.2076666666667,680.3233333333334,2511.69675
2026-10-05 16:00:00,806.55375,1055.8613333333333,372.4719166666667,2561.427666666667,481.74649999999997,740.4535833333333,633.6151666666666,2595.2419166666664
2026-10-05 17:00:00,737.1493333333333,1090.43,407.15916666666664,2598.53,538.3294166666667,790.2913333333332,887.0803333333333,2540.451416666667
2026-10-05 18:00:00,801.9631666666666,1098.7610833333333,324.00758333333334,2618.9804166666668,618.6405833333333,901.6739166666666,964.25275,2593.1749999999997
2026-10-05 19:00:00,989.0639166666666,1111.2741666666668,419.5536666666667,2642.556666666667,623.5834166666667,1066.936,944.4290833333333,2666.0421666666666
2026-10-05 20:00:00,1188.43175,1173.7605833333334,493.6933333333333,2864.5506666666665,692.5066666666667,1220.616,1219.3048333333334,2719.27425
2026-10-05 21:00:00,1455.0345833333333,1281.1566666666668,602.0710833333334,3142.7580833333336,850.4802500000001,1504.65475,1615.66175,2848.8550833333334
2026-10-05 22:00:00,1561.2306666666666,1332.3513333333333,627.1175833333333,3280.272833333333,924.276,1638.2926666666665,1791.087083333333,2889.0020833333333
2026-10-05 23:00:00,1546.3178333333333,1312.6076666666668,623.6675833333334,3270.1161666666667,917.723,1619.78725,1783.0339166666665,2854.5905000000002
2026-10-06 00:00:00,1470.5274166666668,1249.95425,610.3839166666667,3112.753666666667,874.01075,1552.6344166666668,1732.9653333333333,2756.1777500000003
2026-10-06 01:00:00,1382.5483333333332,1151.1190833333333,596.2428333333334,2909.1611666666668,820.4664166666666,1457.1494166666669,1644.4271666666666,2596.4075
2026-10-06 02:00:00,1286.2776666666666,1053.9281666666668,560.1754166666666,2658.6221666666665,755.7135833333333,1334.8440833333334,1520.0095000000001,2392.0518333333334
2026-10-06 03:00:00,1213.625,968.2929166666667,526.9475,2420.699416666667,689.1511666666667,1217.6216666666667,1402.4150833333333,2208.6425833333333
2026-10-06 04:00:00,1163.49075,918.1878333333333,533.302,2261.5229999999997,642.7213333333333,1139.5920833333332,1324.3455000000001,2085.115333333333
2026-10-06 05:00:00,1134.3299166666668,884.1088333333333,504.73858333333334,2159.7170833333334,612.9915,1092.1834166666665,1268.7209166666667,1992.1745
2026-10-06 06:00:00,1121.9208333333333,863.2031666666667,479.07275,2105.07125,598.0008333333334,1066.7278333333334,1248.0698333333332,1951.9678333333334
2026-10-06 07:00:00,1130.9776666666667,867.9786666666668,478.06508333333335,2093.2456666666667,593.81325,1063.2704166666665,1232.8993333333333,1937.6733333333332
2026-10-06 08:00:00,1162.1655833333332,900.2589166666667,489.81391666666667,2145.47925,605.0326666666666,1096.8845000000001,1270.0086666666666,1977.6705833333333
2026-10-06 09:00:00,1243.7875000000001,994.3481666666667,530.37075,2334.0795833333336,654.1119166666666,1190.6368333333332,1381.993333333333,2118.8976666666667
2026-10-06 10:00:00,1374.6897499999998,1140.39825,593.3055,2698.7163333333333,741.7629999999999,1349.11675,1572.743416666667,2392.9470833333335
2026-10-06 11:00:00,1362.38575,1215.2119166666666,612.3030833333333,2898.11475,767.50525,1386.2939999999999,1606.9988333333333,2552.0065
2026-10-06 12:00:00,1134.877,1185.4828333333332,555.7351666666667,2778.23975,634.9101666666667,1140.8358333333333,1327.0258333333334,2521.3982499999997
2026-10-06 13:00:00,862.86875,1124.3420833333332,445.4604166666666,2538.3755,496.27158333333335,858.9973333333334,940.8114166666666,2455.9998333333333
2026-10-06 14:00:00,717.9093333333334,1068.5955000000001,337.989,2341.1205833333333,404.7728333333334,647.1229166666667,669.0470833333333,2372.0351666666666
2026-10-06 15:00:00,633.3646666666667,1022.71675,263.3695833333333,2203.8350833333334,363.9938333333334,532.9305,521.3985833333334,2317.976833333333
2026-10-06 16:00:00,581.5775,999.2304166666667,220.53816666666668,2138.5575,355.43333333333334,503.0011666666667,491.0810833333333,2322.766666666667
2026-10-06 17:00:00,582.5575833333334,997.7734999999999,209.54225,2163.032833333333,369.8388333333333,526.1349166666666,512.3513333333334,2335.6545833333334
2026-10-06 18:00:00,608.40225,1009.0515833333334,214.6089166666667,2257.000666666667,412.2534166666667,618.8270833333333,606.07375,2387.0325
2026-10-06 19:00:00,780.82,1057.8278333333333,269.5941666666667,2454.8710833333334,504.04283333333336,834.2865,840.2290833333333,2485.55725
2026-10-06 20:00:00,1079.4525833333335,1149.9745,397.88841666666667,2757.802416666667,670.3628333333334,1134.3308333333334,1205.6999166666667,2631.6216666666664
2026-10-06 21:00:00,1440.884,1273.0903333333333,561.0861666666666,3081.4121666666665,830.3411666666667,1466.2640000000001,1611.7657499999998,2790.4348333333332
2026-10-06 22:00:00,1570.8135,1338.75575,619.2735,3265.01325,907.6886666666666,1619.1407499999998,1809.0461666666667,2848.1877499999996
2026-10-06 23:00:00,1554.4921666666667,1331.9261666666666,614.2335833333333,3288.2155000000002,911.6403333333333,1609.0616666666667,1809.6555,2829.351083333333
